THEME,TITLE,ARTIST,YEAR,SPOTIFY_URL
Love,The Look of Love,ABC,1982,http://open.spotify.com/track/78j3qTBdzcIiT3eS7XymoD
Love,The Shining,Badly Drawn Boy,2000,http://open.spotify.com/track/2PojSoZ94AIzp7fsz6wtMt
Love,God Only Knows,The Beach Boys,1966,http://open.spotify.com/track/0ObrXLrfrqJUNc8RfmIBHP
Love,Good Vibrations,The Beach Boys,1966,http://open.spotify.com/track/2oF7FZHIJbzjeEXZ3D0Ku4
Love,Wouldn’t It Be Nice,The Beach Boys,1966,http://open.spotify.com/track/0cx32rX0uZvcJUP92Wkj2y
Love,Eight Days a Week,The Beatles,1964,
Love,Girl,The Beatles,1965,
Love,I Want to Hold Your Hand,The Beatles,1963,
Love,She Loves You,The Beatles,1963,
Love,Something,The Beatles,1969,
Love,With a Little Help from My Friends,The Beatles,1967,
Love,Song for Whoever,The Beautiful South,1989,http://open.spotify.com/track/7k00fu054zyIgHEpkq5rBL
Love,How Deep is Your Love?,The Bee Gees,1977,http://open.spotify.com/track/1gIKd24bixkgYzuxse32oR
Love,Sweet Little Sixteen,Chuck Berry,1958,http://open.spotify.com/track/1fDfWFb1YmdRWu5JZ9yANo
Love,Crazy in Love,Beyoncé,2003,http://open.spotify.com/track/5IVuqXILoxVWvWEPm82Jxr
Love,Thirteen,Big Star,1972,
Love,I’ll Take Care of You,Bobby “Blue” Bland,1959,http://open.spotify.com/track/5vUitXO0fTxxS293NR51jA
Love,Heroes,David Bowie,1977,http://open.spotify.com/track/1qyRX6xXvsmbxR6FEnVSv2
Love,The Wedding Song,David Bowie,1993,http://open.spotify.com/track/0PUmT62MdJwmVf4sUjbHFW
Love,Sit Down I Think I Love You,Buffalo Springfield,1966,http://open.spotify.com/track/70dh9SQ7pcNLn7QE5dbIiX
Love,Everybody Needs Somebody to Love,Solomon Burke,1964,http://open.spotify.com/track/66GhKP6S6KqYMHR7xtGPoX
Love,Mehbooba Mehbooba,R D Burman,1975,
Love,Hounds of Love,Kate Bush,1985,
Love,The Man With the Child in His Eyes,Kate Bush,1978,http://open.spotify.com/track/4xjVfArXNQRxAvsUpjmfMt
Love,The Man I Love,Kate Bush,1994,
Love,Love Me Forever,Carlton and the Shoes,1968,
Love,The Dark End of the Street,James Carr,1967,
Love,I Walk the Line,Johnny Cash,1956,http://open.spotify.com/track/7wJepIHVDC88KzSyzNU1mA
Love,Deanna,Nick Cave and the Bad Seeds,1988,http://open.spotify.com/track/0XWoG02DaQES7ATCrbjx8D
Love,I Got a Woman,Ray Charles,1954,http://open.spotify.com/track/2xar08Fq5xra2KKZs5Bw9j
Love,Stoned Out of My Mind,The Chi-Lites,1973,http://open.spotify.com/track/3R35ltXFfFzAk5cCAKgZF8
Love,That’s How Long,The Chi-Lites,1974,
Love,Stay Free,The Clash,1978,
Love,Private Number,Judy Clay and William Bell,1968,http://open.spotify.com/track/5AdCyD1APnK7Drt81MDciC
Love,Yellow,Coldplay,2000,http://open.spotify.com/track/3AJwUDP919kvQ9QcozQPxg
Love,Do You Love Me?,The Contours,1962,http://open.spotify.com/track/1nalk6Yqn0vRg8iiYlfeYd
Love,Cupid,Sam Cooke,1961,http://open.spotify.com/track/37ublgs2E1IIASg1it0v3t
Love,I’m in the Mood Again,Elvis Costello,2003,http://open.spotify.com/track/5HWC5PWLas7xQsjQPoeDpo
Love,Jack of All Parades,Elvis Costello and the Attractions,1986,
Love,Then He Kissed Me,The Crystals,1963,http://open.spotify.com/track/6OoJfmP08PBCLic4JBztsJ
Love,Friday I’m in Love,The Cure,1992,http://open.spotify.com/track/6TaVUwd1GxmOcR337FZM75
Love,Pour Some Sugar on Me,Def Leppard,1987,
Love,Born to Be With You,Dion,1975,
Love,A Teenager in Love,Dion & the Belmonts,1960,http://open.spotify.com/track/17iHLt9yQLLeBN3g1woXzB
Love,Blueberry Hill,Fats Domino,1956,http://open.spotify.com/track/25CTJ7xIrrWTHNtA7mq8Y6
Love,Girl from the North Country ,Bob Dylan,1963,http://open.spotify.com/track/4OfkpX0bONH3eSHQilGDnA
Love,Visions of Johanna,Bob Dylan,1966,http://open.spotify.com/track/0D0fyyNszdh2FZeUoiHJx1
Love,Wedding Song,Bob Dylan,1974,http://open.spotify.com/track/6O5MMLdfCMSohn7uvSLXqS
Love,One Day Like This,Elbow,2008,http://open.spotify.com/track/6PS9nzG6GUSPbD2A1xGWbm
Love,Let’s Stick Together,Bryan Ferry,1976,http://open.spotify.com/track/47KlEDyoBmF5ulJu6qmcHo
Love,Ev’ry Time We Say Goodbye,Ella Fitzgerald,1956,http://open.spotify.com/track/50KK7LxalUrWPtZxlhBJhn
Love,Killing Me Softly With His Song,Roberta Flack,1973,http://open.spotify.com/track/60SJRvzXJnVeVfS4RiH14u
Love,I Never Loved a Man (The Way I Love You),Aretha Franklin,1967,http://open.spotify.com/track/0FE39WU0AcIcXdkMK0fxkr
Love,I Say A Little Prayer,Aretha Franklin,1968,http://open.spotify.com/track/6bBwFPgVdWxuc4uWEyALCa
Love,The Power of Love,Frankie Goes to Hollywood,1984,http://open.spotify.com/track/2CUoxqW5bw2WOZPExmFvk1
Love,It’ll All Come Around,Patsy Gallant,1978,
Love,Zing! Went the Strings of My Heart,Judy Garland,1939,http://open.spotify.com/track/2vIuGZHuGRqcydnsVFC7Vp
Love,Ain’t No Mountain High Enough,Marvin Gaye And Tammi Terrell,1967,http://open.spotify.com/track/77g8V7P1MkfiPXe8Rkxm7y
Love,You’re All I Need to Get By,Marvin Gaye And Tammi Terrell,1968,http://open.spotify.com/track/6L7r59rN9s4mBSxZDiElTp
Love,The Dutchman,Steve Goodman,1973,http://open.spotify.com/track/7gSXNrDpUr5mMDThxS6Y6i
Love,Let’s Get Married,Al Green,1974,
Love,Let’s Stay Together,Al Green,1971,http://open.spotify.com/track/1r5ix6rRcET3TUdnDSZ9Oo
Love,Love and Happiness,Al Green,1972,
Love,Sweet Child O’ Mine,Guns N’ Roses,1987,http://open.spotify.com/track/5HzLcjDzlykkKC0rw2R6WJ
Love,I’m Into Something Good,Herman’s Hermits,1964,http://open.spotify.com/track/5tYLgBIbx3YVde84rRPNE9
Love,How Will I Know,Whitney Houston,1985,http://open.spotify.com/track/0xd9xioBzvbJ0KsqFUE1ob
Love,I’m So in Love,Leroy Hutson,1973,http://open.spotify.com/track/7yLQMOBHYEkFkFQcEoNEpR
Love,I’m So Proud,The Impressions,1964,http://open.spotify.com/track/6mLycrS3LfCUERnOWm8luW
Love,Night Nurse,Gregory Isaacs,1982,http://open.spotify.com/track/2lPfcRMRLffiBTwLA9S8Vc
Love,Summer Breeze,The Isley Brothers,1973,http://open.spotify.com/track/5tECQN3UPXULg4nzgkXM9r
Love,Are You Ready For Love,Elton John,1979,http://open.spotify.com/track/6TNHLD7QyX5KxdYmNwwDA6
Love,La Vie En Rose,Grace Jones,1977,http://open.spotify.com/track/50SLOKltoko04YawlAjDeH
Love,No One,Alicia Keys,2007,http://open.spotify.com/track/1exNQxJp0tHfKe85qUpRJF
Love,Stand By Me,Ben E King,1961,http://open.spotify.com/track/2FVHVmsUOyNnhlwtFLjoMF
Love,You Really Got Me,The Kinks,1964,http://open.spotify.com/track/0yjEOL4g41q4rAqoguFF0s
Love,Constant Craving,KD Lang,1992,http://open.spotify.com/track/77NdXr1ANwNkMEtgBNS2ZD
Love,Elusive Butterfly,Bob Lind,1966,http://open.spotify.com/track/226EXK5tPVsqaZ2y9RACR0
Love,Is This Love?,Bob Marley,1978,http://open.spotify.com/track/6wwxa6n8kSf3Bd0apxe0iy
Love,My Love,Paul McCartney and Wings,1973,http://open.spotify.com/track/5SL1Vx2h1ULwp1EKYKp1UN
Love,90% of Me is You,Gwen McRae,1974,http://open.spotify.com/track/4dz8fFVtr8dPMqGThk5Cbs
Love,Angel of the Morning,Merrilee and the Turnabouts,1968,
Love,Can’t Get You Out of My Head,Kylie Minogue,2001,http://open.spotify.com/track/2HpWHLtZldOcDn5qzX8kb2
Love,Help Me,Joni Mitchell,1974,http://open.spotify.com/track/4gvV5Ib89fiwMtQ4biQQjd
Love,Madame George,Van Morrison,1968,http://open.spotify.com/track/0XGw1JFG1kE6rFi4rtvs7w
Love,You’ve Got a Friend,Randy Newman,1995,http://open.spotify.com/track/2O8YJmOg9lOgn5JNHF9Qi9
Love,"Oh, Pretty Woman",Roy Orbison,1964,http://open.spotify.com/track/2DGXmZPZ07HnWkFj3AayR0
Love,Puppy Love,Donny Osmond,1972,http://open.spotify.com/track/3ABtW1kSCzKlJGGDYFH7GV
Love,She,Gram Parsons,1973,http://open.spotify.com/track/0ik33iwk2do6Rf9rQs7e8X
Love,I Will Always Love You,Dolly Parton,1974,http://open.spotify.com/track/1n3q9eF2qqOaWHBBQHLRXw
Love,I’m in Love,Wilson Pickett,1967,http://open.spotify.com/track/4QDK12L3s53JECMOhx3mdh
Love,She is Beyond Good and Evil,The Pop Group,1979,http://open.spotify.com/track/2A99HGtYXdCZKYrvPqzA6v
Love,"Let’s Do It, Let’s Fall in Love",Cole Porter,1928,
Love,Can’t Help Falling in Love,Elvis Presley,1961,http://open.spotify.com/track/3Aw5RpV5q1zn66ck2jOQjs
Love,Love Me Tender,Elvis Presley,1956,http://open.spotify.com/track/65An7RQuVbAipQIYhJu0YJ
Love,I’ll Stand By You,The Pretenders,1994,http://open.spotify.com/track/2bFG1ywgBAyZbJGMApTPfJ
Love,That Old Black Magic,Louis Prima and Keely Smith ,1959,http://open.spotify.com/track/0e7LFGPufvU4ITix9vNSuc
Love,Let’s Get Married,The Proclaimers,1994,http://open.spotify.com/track/3P7bVGMkeVSJBOqQXPNJit
Love,You’re My Best Friend,Queen,1975,http://open.spotify.com/track/0WMmdTiZrDkObaABU7mylW
Love,Kehma Hi Kya,A R Rahman,1995,
Love,Unchained Melody,The Righteous Brothers,1965,http://open.spotify.com/track/2ACjOtICHXrAlP3ijVMSvb
Love,Umbrella,Rihanna,2007,http://open.spotify.com/track/0dOAByk7pJESaNScxIr5wI
Love,You’ve Really Got a Hold On Me,Smokey Robinson and the Miracles,1962,http://open.spotify.com/track/7oLlI6vGHjjFfLkq0fq89A
Love,Be My Baby,The Ronettes,1963,http://open.spotify.com/track/0eXzLs2mOlkZXeftGN0SNH
Love,Valerie,Mark Ronson featuring Amy Winehouse,2007,http://open.spotify.com/track/6wrRgHFLe5RgQLBVbnqCCe
Love,I Saw the Light,Todd Rundgren,1972,http://open.spotify.com/track/2QNMAvCnpIN6P43f8HPKp1
Love,Leader of the Pack,The Shangri-Las,1964,http://open.spotify.com/track/7rwBWEQ6APQBQ5sFDOytDb
Love,Will You Love Me Tomorrow?,The Shirelles,1961,http://open.spotify.com/track/5SqfqdRQBq3JttB5Nh08H2
Love,Bridge Over Troubled Water,Simon and Garfunkel,1970,http://open.spotify.com/track/1eAVDtuGhk1lVVjMbmFvsi
Love,Fly Me to the Moon,Frank Sinatra,1966,http://open.spotify.com/track/09ityNOMUHKZ1sldYGWRCk
Love,Get Me to the Church On Time,Frank Sinatra,1966,
Love,Love and Marriage,Frank Sinatra,1955,http://open.spotify.com/track/16y88kDkX8kgzFHMnXr33D
Love,True Love Travels on a Gravel Road,Percy Sledge,1969,http://open.spotify.com/track/38r31rrb3wYnNPa3TCn4Mn
Love,It Must Be Love,Labi Siffre,1971,http://open.spotify.com/track/2kLNtPuucbm4kPhzWpuOOM
Love,Frederick,Patti Smith,1979,http://open.spotify.com/track/7AXFxcR4QfoTPaWinYCFB3
Love,There is a Light That Never Goes Out,The Smiths,1986,
Love,I Got You Babe,Sonny and Cher,1965,http://open.spotify.com/track/4TbuzNasQqnKJc3bJdZ0wZ
Love,You Gotta Come a Little Closer,Soul Brothers Six,1973,
Love,Wannabe,The Spice Girls,1996,http://open.spotify.com/track/1Je1IMUlBXcx1Fz0WE7oPT
Love,I’ll Be Around,The Spinners,1972,http://open.spotify.com/track/2vLaES21zwbX1Rnmj56Bbb
Love,Mandolin Wind,Rod Stewart,1971,http://open.spotify.com/track/2YIJ6PXSWgwo25sE9eIzuU
Love,She Bangs the Drums,The Stone Roses,1989,http://open.spotify.com/track/5b6sFRZWMfcunej0zWE28r
Love,I Feel Love ,Donna Summer,1977,http://open.spotify.com/track/6efRrfjV1YW1rtecLUHoP1
Love,Baby Love,The Supremes,1964,http://open.spotify.com/track/5uM9zdUz8PpYJME9wZCM4W
Love,Stoned Love,The Supremes,1970,
Love,You Can’t Hurry Love,The Supremes,1966,http://open.spotify.com/track/046ZhBbIMSnG3UXHXJD1cy
Love,Why Do Fools Fall in Love?,The Teenagers featuring Frankie Lymon,1956,http://open.spotify.com/track/2xKfXRhw5xaUXfevJJspZf
Love,My Girl,The Temptations,1964,http://open.spotify.com/track/0651FOAfvX33QIjpYL4F95
Love,Gloria,Them,1964,http://open.spotify.com/track/4VS4B6BjBK6liTPCf8O4aJ
Love,Here Comes the Night,Them/Van Morrison,1965,http://open.spotify.com/track/7knFQrGf88XnKjgyGrB70p
Love,"River Deep, Mountain High",Ike and Tina Turner,1966,http://open.spotify.com/track/4psjgB5e5HIuUeSVbEUY64
Love,Terry,Twinkle,1964,
Love,Mad About the Boy,Dinah Washington,1952,http://open.spotify.com/track/3q393Yh4k0cu2wlTgyiW4v
Love,Wichita Linesman,Jimmy Webb,1968,http://open.spotify.com/track/4LKUWvk6kQDJSTkxP6TUYN
Love,You Do Something to Me,Paul Weller,1995,http://open.spotify.com/track/0qWQxgHDjlE1kcLP0SHkRK
Love,Music to Watch Girls By,Andy Williams,1967,http://open.spotify.com/track/5khJtAAIdaXwr3ZsQvvVv4
Love,Do I Love You (Indeed I Do),Frank Wilson,1966,http://open.spotify.com/track/6QtbZ4rI3fJRufeNyi19Nd
Love,Lean on Me,Bill Withers,1972,http://open.spotify.com/track/4IXTOcB1eMoE7dkBs6oRHr
Love,Like a Hurricane,Neil Young,1977,http://open.spotify.com/track/1756tFft3p2hTUBzg9bKdQ
Love,Only Love Can Break Your Heart,Neil Young,1970,http://open.spotify.com/track/3nQBejgpXbSdWpJsXKYWye
Heartbreak,Tears Are Not Enough,ABC,1981,http://open.spotify.com/track/1DsmvwImEiDU0tLMOvOJZD
Heartbreak,The Winner Takes It All,Abba,1980,http://open.spotify.com/track/1g1RLXmuXu7HpMA6gmiYve
Heartbreak,Call Me on Your Way Back Home,Ryan Adams,2000,
Heartbreak,Never Ever,All Saints,1997,http://open.spotify.com/track/7ziHnshbknkpFLDW5yGBjO
Heartbreak,Please Give Me Something,Bill Allen and the Backbeats,1958,http://open.spotify.com/track/66auDFwg9lKmIYGQzEwHn5
Heartbreak,Without You,Badfinger,1970,http://open.spotify.com/track/5GFV9C9D7EztSc0bMzF9ss
Heartbreak,Diamonds and Rust,Joan Baez,1975,http://open.spotify.com/track/5lZ4Dm9BBGcCBVbfzxnyCX
Heartbreak,You’ve Got to Hide Your Love Away,The Beatles,1965,
Heartbreak,The Boy Done Wrong Again,Belle and Sebastian,1996,http://open.spotify.com/track/4lNs7YerSrW3dxxWHDRSIs
Heartbreak,Heart of Glass,Blondie,1978,http://open.spotify.com/track/0a4agFmqHXxcZl1nho1BxM
Heartbreak,One Way Or Another,Blondie,1979,http://open.spotify.com/track/5Q7cE6wGHMehLFo2ppkk5D
Heartbreak,Flume,Bon Iver,2008,http://open.spotify.com/track/6WlS5FP9XcB410zta3C67v
Heartbreak,Bed is For Sleeping,Bonnie ‘Prince’ Billy and Matt Sweeney,2005,
Heartbreak,Letter to Hermione,David Bowie,1969,http://open.spotify.com/track/13YcDQxaOktczzQBliAISJ
Heartbreak,Repetition,David Bowie,1979,http://open.spotify.com/track/6Q4S1KWuAg082DHm6BsazJ
Heartbreak,He Wasn’t Man Enough ,Toni Braxton,2000,http://open.spotify.com/track/2uHlwcSyNpekOl9EybwVaU
Heartbreak,Lua,Bright Eyes,2005,http://open.spotify.com/track/5bGoxCHvVavcFeQnI6NvUz
Heartbreak,Ever Fallen in Love (With Someone You Shouldn’t’ve),Buzzcocks,1978,http://open.spotify.com/track/4JXtIl8MKQT9Q7XkVvWV2I
Heartbreak,I Still Miss Someone,Johnny Cash,1959,http://open.spotify.com/track/17ULcItopPiilP1gIPrJvR
Heartbreak,Far From Me,Nick Cave,1997,http://open.spotify.com/track/6CjDPROOVDYN4v1JuidAJE
Heartbreak,Where Were You,Vic Chesnutt,1991,
Heartbreak,Since U Been Gone,Kelly Clarkson,2004,http://open.spotify.com/track/07r3phrnaEUfoaauHHQXj6
Heartbreak,Should I Stay Or Should I Go,The Clash,1982,http://open.spotify.com/track/0uwXVXNfzPJtpv3iCBAgDD
Heartbreak,Crazy,Patsy Cline,1961,http://open.spotify.com/track/32EaJ4sUH4GrGfXulPltIi
Heartbreak,"So Long, Marianne",Leonard Cohen,1967,http://open.spotify.com/track/75uA4upcHXXxVfaY9eYdSK
Heartbreak,The Scientist,Coldplay,2002,http://open.spotify.com/track/75JFxkI2RXiU7L9VXzMkle
Heartbreak,Against All Odds (Take a Look at Me Now),Phil Collins,1984,http://open.spotify.com/track/5b6vClAj7N7VFLXEso3hEY
Heartbreak,Don’t Leave Me This Way,The Communards,1986,http://open.spotify.com/track/6G27JoyRv8Ly085NkPIRWB
Heartbreak,Either Side of the Same Town,Elvis Costello ,2004,http://open.spotify.com/track/1TDyLMqyVcFnN4Gwb2Lk25
Heartbreak,I Hope You’re Happy Now,Elvis Costello and the Attractions,1986,http://open.spotify.com/track/0lJeIRRrwRmnkRWpjai96c
Heartbreak,I Want You,Elvis Costello and the Attractions,1986,http://open.spotify.com/track/4LBnvKaSC9RqnFYA0LDIGt
Heartbreak,He Hit Me (And it Felt Like a Kiss),The Crystals,1962,
Heartbreak,Disintegration,The Cure,1989,http://open.spotify.com/track/65QOLZaDsPoJp6nDi7Ln4l
Heartbreak,Katie Cruel,Karen Dalton,1971,
Heartbreak,Layla,Derek and the Dominos,1970,http://open.spotify.com/track/1KDsONFxp3YtnJTaLeWFIi
Heartbreak,Warwick Avenue,Duffy ,2008,http://open.spotify.com/track/5Og47k4AHrotP2QP36p5iO
Heartbreak,"Don’t Think Twice, It’s All Right",Bob Dylan,1963,http://open.spotify.com/track/0K9nDgwZnLpg8FFG732fcU
Heartbreak,Idiot Wind,Bob Dylan,1975,http://open.spotify.com/track/6M4ch4i9qn5uWVrEeMGn9i
Heartbreak,"If You See Her, Say Hello",Bob Dylan,1975,http://open.spotify.com/track/16M0VBfpUnVkUfKknW1gar
Heartbreak,Just Like a Woman,Bob Dylan,1966,http://open.spotify.com/track/6M5KL0LxCvXGr3j2mN4wE1
Heartbreak,She’s Your Lover Now,Bob Dylan,1966,http://open.spotify.com/track/0TUtCqkeaNlR71xerbm6Xo
Heartbreak,Tangled up in Blue,Bob Dylan,1975,http://open.spotify.com/track/3fSmfeHzyp33FHpVKqavaw
Heartbreak,Brown Skin Woman,Snooks Eaglin,1962,http://open.spotify.com/track/2wiwvZFyUOsqGZYlh0tffe
Heartbreak,Goodbye,Steve Earle,1996,
Heartbreak,The Killing Moon,Echo and the Bunnymen,1984,http://open.spotify.com/track/15049rGLXHwrWtE4euUb5C
Heartbreak,My Very Best,Elbow,2006,
Heartbreak,Missing (Todd Terry remix),Everything But the Girl,1995,http://open.spotify.com/track/0Y11QzoiLpdhPHAFcSJH9i
Heartbreak,Why’d Ya Do It?,Marianne Faithfull,1979,http://open.spotify.com/track/1XZLci5bjgHM5LC1Xs1cQe
Heartbreak,Go Your Own Way,Fleetwood Mac,1977,http://open.spotify.com/track/5qg6DB7nxilzxxzalcpNU3
Heartbreak,Emily,Stephen Fretwell,2004,http://open.spotify.com/track/3xC8ffyrb46M2xoyiAZijA
Heartbreak,I Heard it Through the Grapevine,Marvin Gaye,1967,http://open.spotify.com/track/27m1soUndRthrAA1ediOXn
Heartbreak,I Will Survive,Gloria Gaynor,1978,http://open.spotify.com/track/1lBbC5ez7W0VgrRGGeybTY
Heartbreak,Daddy’s Gone,Glasvegas,2007,http://open.spotify.com/track/5Xkht48NOI9eirHjY7d87I
Heartbreak,It’s My Party,Lesley Gore,1963,http://open.spotify.com/track/4sR3U7qQAai4CI0q4zHlRW
Heartbreak,How Can You Mend a Broken Heart ,Al Green,1972,
Heartbreak,She’s Gone,Halls and Oates,1973,
Heartbreak,Weightless Again,The Handsome Family,1998,
Heartbreak,Christine,The House of Love,1988,
Heartbreak,Don’t You Want Me?,The Human League,1981,http://open.spotify.com/track/5lmYpa6EaVAKAlwxMf7q5c
Heartbreak,I Want You Back,The Jackson 5,1970,http://open.spotify.com/track/2nPXRL8SX00vl9zeQHMSQp
Heartbreak,Is She Really Going Out With Him?,Joe Jackson,1978,http://open.spotify.com/track/3P97XnD4osOqR4lRPalNPV
Heartbreak,I’d Rather Go Blind,Etta James,1969,http://open.spotify.com/track/2xxX1FmYQk7P0I5stRyNsT
Heartbreak,Devil Got My Woman,Skip James,1931,http://open.spotify.com/track/0PIFpAuiiowI88mPS6KYsj
Heartbreak,Some Things Last a Long Time,Daniel Johnston,1990,
Heartbreak,I Guess That’s Why They Call it the Blues,Elton John,1983,http://open.spotify.com/track/4mno8GjYUVPW8rNgJsWLx6
Heartbreak,Tainted Love,Gloria Jones,1964,
Heartbreak,Delilah,Tom Jones,1968,http://open.spotify.com/track/0hK0cOpYF3cLB49VbMa7AV
Heartbreak,Piece of My Heart,Janis Joplin and Big Brother and the Holding Company,1968,http://open.spotify.com/track/3zfJeCCx1uDHzPNReiGqS6
Heartbreak,Love Will Tear Us Apart,Joy Division,1980,http://open.spotify.com/track/2JO3HwMRPeya8bXbtbyPcf
Heartbreak,Caught Out There,Kelis,1999,http://open.spotify.com/track/6UJbhZER5yrbaAG66rrr4Z
Heartbreak,You Don’t Know My Name,Alicia Keys,2003,http://open.spotify.com/track/212BdBPNXcHSPyKtXMiiFF
Heartbreak,Mr Brightside,The Killers,2003,http://open.spotify.com/track/4ZefAE6wZ6BEATniPk4DWI
Heartbreak,The Thrill is Gone,BB King,1969,http://open.spotify.com/track/2l9eWSE3Tupp0ArEDo45eB
Heartbreak,It’s Too Late,Carole King,1971,http://open.spotify.com/track/5bl6wYKQnPmHYO7DbF1mg7
Heartbreak,Lola,The Kinks,1970,http://open.spotify.com/track/191w1gNvwUI55Pk6PcVvMx
Heartbreak,Let Me Down Easy,Bettye LaVette,1965,http://open.spotify.com/track/0MvsfFXD0XkeOcPUOO5XaH
Heartbreak,Jealous Guy,John Lennon,1971,
Heartbreak,Bleeding Love,Leona Lewis,2007,http://open.spotify.com/track/6LtPIXlIzPOTF8vTecYjRe
Heartbreak,Crazy For You,Madonna,1985,http://open.spotify.com/track/6idFcUh2Gc8wdtwuR0sfFN
Heartbreak,Yes,McAlmont and Butler,1995,http://open.spotify.com/track/6joAGL5IuD66Qgcz049ObW
Heartbreak,It’s All in the Game,Van Morrison,1979,http://open.spotify.com/track/4LPR6jSlFTTHavQVaYLfXR
Heartbreak,"The More You Ignore Me, The Closer I Get",Morrissey,1994,http://open.spotify.com/track/2ljH5Nxub9QIJ1WE1hsVU3
Heartbreak,No Children,The Mountain Goats,2003,http://open.spotify.com/track/6KyyTheVmJZsNdqwOj0MR3
Heartbreak,Blue Monday,New Order,1983,http://open.spotify.com/track/6cxLRWPZQ6dmb0lJ5Ph8Tu
Heartbreak,Nothing Compares 2 U,Sinead O’Connor,1990,http://open.spotify.com/track/07iHAswcApphvyllRDQrEa
Heartbreak,To Cry About,Mary Margaret O’Hara,1988,
Heartbreak,Crying,Roy Orbison,1961,http://open.spotify.com/track/3oVeLS6WNWf7tAGev4Y6vM
Heartbreak,Love Hurts,Gram Parsons with Emmylou Harris,1974,http://open.spotify.com/track/51sT9Y2lXJocjVUhA5NFK1
Heartbreak,"$1,000 Wedding",Gram Parsons,1974,http://open.spotify.com/track/53egTlbVDqNH2SRmZTknrC
Heartbreak,Jolene,Dolly Parton,1973,http://open.spotify.com/track/5fdhThPDe6jQQDqCyWrdAn
Heartbreak,It Was Jealousy,Ann Peebles,1976,
Sex,Let’s Talk About Sex,Salt-n-Pepa,1990,
Heartbreak,Ur So Gay,Katy Perry,2007,http://open.spotify.com/track/5monag19nA467DCEUmE7Lq
Heartbreak,Divorce Song,Liz Phair,1993,
Heartbreak,Can’t Stand Losing You,The Police,1978,http://open.spotify.com/track/1VKbWRpwV2XXSJSZ2w534h
Heartbreak,Every Breath You Take,The Police,1983,http://open.spotify.com/track/0A4Btqar6Y5B4hfs9pZnSE
Heartbreak,Always on My Mind,Elvis Presley,1972,http://open.spotify.com/track/7mm18MJI4UpSS2IfsId0qB
Heartbreak,Suspicious Minds,Elvis Presley,1969,http://open.spotify.com/track/21uqk0VElbm5bxCNTR3E6M
Heartbreak,Beware of Young Girls,Dory Previn,1970,http://open.spotify.com/track/6G73YaSHMs0tP2gCNvSnjE
Heartbreak,When Doves Cry,Prince,1984,http://open.spotify.com/track/5OLaGD9QaSn2pRmBr6hYqb
Heartbreak,Jaan Pehechaan Ho,Mohammed Rafi,1965,http://open.spotify.com/track/6o1fs0vkkFGT8lSkMAXe1o
Heartbreak,Sad Song,Lou Reed,1973,
Heartbreak,Everybody Hurts,REM,1992,http://open.spotify.com/track/28AZM08WStiEXfqN065BvN
Heartbreak,The One I Love,REM,1987,http://open.spotify.com/track/3k5BXtsudQFynAlzYIzCgF
Heartbreak,You’ve Lost That Lovin’ Feelin’,The Righteous Brothers,1964,http://open.spotify.com/track/4Y7jrcaXsSFyf5g4YLcAaB
Heartbreak,Stupid Girl,The Rolling Stones,1966,http://open.spotify.com/track/1jlF5p7TTVhT1pvk1jdxZz
Heartbreak,Under My Thumb,The Rolling Stones,1966,http://open.spotify.com/track/4H5hI3u6LmIRlXnWR89opX
Heartbreak,(The Best Part of) Breakin’ Up,The Ronettes,1964,
Heartbreak,What Becomes of the Broken Hearted,Jimmy Ruffin,1966,http://open.spotify.com/track/019nGMMof2yYp0zIdnbxSV
Heartbreak,A Little Lost,Arthur Russell,1994,
Heartbreak,Nobody Does it Better,Carly Simon,1977,http://open.spotify.com/track/240vi0Gt8ZOdPwC1PbzfUJ
Heartbreak,You’re So Vain,Carly Simon,1972,http://open.spotify.com/track/46aRTYYXkN8ok6fnv9ljvr
Heartbreak,50 Ways to Leave Your Lover,Paul Simon,1975,http://open.spotify.com/track/2VrS8weZmIHO4LtRQibMvJ
Heartbreak,Only the Lonely,Frank Sinatra,1958,http://open.spotify.com/track/3il33mhbtAFCpdBNvNyymr
Heartbreak,All Or Nothing,The Small Faces,1966,http://open.spotify.com/track/3NkE5aI8aPPnoG8w2xBwNF
Heartbreak,I Know It’s Over,The Smiths,1986,
Heartbreak,"Please, Please, Please Let Me Get What I Want",The Smiths,1984,
Heartbreak,Left Only With Love,Smog,1998,
Heartbreak,Broken Heart,Spiritualized,1997,
Heartbreak,I Just Don’t Know What to Do With Myself,Dusty Springfield,1964,http://open.spotify.com/track/4qrEIcw64kbDgSK5QRkkAC
Heartbreak,You Don’t Have to Say You Love Me,Dusty Springfield,1966,http://open.spotify.com/track/2djMjbwwD6aeN029drEul0
Heartbreak,Maggie May,Rod Stewart,1971,http://open.spotify.com/track/5bnmFqpNi0JsOUQgQaGtzC
Heartbreak,Dry Your Eyes,The Streets,2004,http://open.spotify.com/track/1DlCpos9Lj8pK6cYMRjipp
Heartbreak,Last Nite,The Strokes,2001,http://open.spotify.com/track/7kzKAuUzOITUauHAhoMoxA
Heartbreak,Where Did Our Love Go?,The Supremes,1964,http://open.spotify.com/track/6yz8hKpO3s2byra8Et3w9x
Heartbreak,You Keep Me Hangin’ On,The Supremes,1966,http://open.spotify.com/track/6tLPgXlqugmn2XfNnmGoVp
Heartbreak,(My Heart Is) Closed for the Season  ,Bettye Swann,1968,http://open.spotify.com/track/6AS7rbXQIE2cSCtNXg3RPm
Heartbreak,Back for Good,Take That,1995,http://open.spotify.com/track/1cnoj3gWltCrWBZ77jZtmj
Heartbreak,No Scrubs,TLC,1999,http://open.spotify.com/track/5iJUGd5boRXsCmW00B3Mtq
Heartbreak,With Or Without You,U2,1987,http://open.spotify.com/track/2JZfTvWWtpaE8NohqRXqFr
Heartbreak,Give Me the Reason,Luther Vandross,1986,http://open.spotify.com/track/54yoy5MG6SVPB5wdneXAW7
Heartbreak,Femme Fatale,The Velvet Underground and Nico,1967,http://open.spotify.com/track/63uM3G418omzGOIT9ltPmt
Heartbreak,Ruby’s Arms,Tom Waits,1980,http://open.spotify.com/track/0YUvSNoGzYp67QjLOmzVnW
Heartbreak,Make it Easy on Yourself,The Walker Brothers,1965,http://open.spotify.com/track/5RT0MynLRywe8D3UHJ4UNG
Heartbreak,Walk on By,Dionne Warwick,1964,http://open.spotify.com/track/6xS9VDmREYFio4BNGFImjc
Heartbreak,Gold Digger,Kanye West,2005,http://open.spotify.com/track/5sSxgpqqZEAdwfRYVze4fU
Heartbreak,Say You Will ,Kanye West,2008,http://open.spotify.com/track/57wUNWELIZOReROLzol83e
Heartbreak,Substitute,The Who,1966,http://open.spotify.com/track/6AtYt0gDIi6I38fOfkV31y
Heartbreak,"Cold, Cold Heart",Hank Williams,1951,http://open.spotify.com/track/56KLeNPhvXXyXGQ9TEYDCC
Heartbreak,No Regrets,Robbie Williams,1998,http://open.spotify.com/track/2h4Lh23FF8OQ8uGBnOdepy
Heartbreak,Stronger Than Me,Amy Winehouse,2003,http://open.spotify.com/track/5Q8nk53ZSOoCCoMHcyUj8X
Heartbreak,You Know I’m No Good,Amy Winehouse,2006,http://open.spotify.com/track/0u8ekDfiPVBsju2LBLvDvI
Heartbreak,Ain’t No Sunshine,Bill Withers,1971,http://open.spotify.com/track/7u9s9Kn0J9U69J0qQV3E5M
Heartbreak,Use Me,Bill Withers,1972,http://open.spotify.com/track/7bIC3bWre8rInwCizxLMPQ
Heartbreak,D-I-V-O-R-C-E,Tammy Wynette,1968,
Heartbreak,A Man Needs a Maid,Neil Young,1972,http://open.spotify.com/track/09EdAJXci83YhVYUaZtLOw
People and places,"New York, New York",Ryan Adams,2001,http://open.spotify.com/track/6n0uVCp7GKgS0N7yCiIjYG
People and places,Lake Shore Drive,Aliotta Haynes Jeremiah,1971,
People and places,I’ve Got to Go Back Home,Bob Andy,1966,
People and places,We Gotta Get Out of This Place,The Animals,1965,http://open.spotify.com/track/385Z5UTDZvJMvhOAiURcHY
People and places,A Certain Romance,Arctic Monkeys,2006,http://open.spotify.com/track/1sW0hSskhK2o3okrBoNd57
People and places,Chicago,Roy Ayers,1983,http://open.spotify.com/track/6mWaJR3Wz8XcujkKd48oy6
People and places,"Fun, Fun, Fun",The Beach Boys,1964,http://open.spotify.com/track/0kRivH04RZLdKhD5wX1h1D
People and places,Eleanor Rigby,The Beatles,1966,
People and places,Doctor Robert,The Beatles,1966,
People and places,Drive My Car,The Beatles,1965,
People and places,Penny Lane,The Beatles,1967,
People and places,She’s Leaving Home,The Beatles,1967,
People and places,Strawberry Fields Forever,The Beatles,1967,
People and places,I Left My Heart in San Francisco,Tony Bennett,1962,http://open.spotify.com/track/6T4wzk2iyRcdmEQUcqk1s8
People and places,"Memphis, Tennessee",Chuck Berry,1959,http://open.spotify.com/track/289AKX6diQ7eCcvJLb5pC3
People and places,No Particular Place to Go,Chuck Berry,1964,http://open.spotify.com/track/0ibuBDbT4tKNA1ugKK92AI
People and places,Johnny B Goode,Chuck Berry,1958,http://open.spotify.com/track/78gvEiVlnMd1f5adOHjJxP
People and places,Tribute to Buddy Holly,Mike Berry and the Outlaws,1961,
People and places,Jerusalem,"William Blake, Charles Hubert and Hastings Parry",1916,
People and places,Ain’t No Love in the Heart of the City,Bobby Bland,1974,
People and places,Hernando’s Hideaway,Archie Bleyer,1954,http://open.spotify.com/track/5l14z1uDc6xwMohyYuhOfM
People and places,For Tomorrow,Blur,1993,http://open.spotify.com/track/6j8paOITkZ5Ybrg5osqeVk
People and places,Life On Mars?,David Bowie,1971,http://open.spotify.com/track/1EdKQ7nYYmMEsrcehcHf4Q
People and places,Space Oddity,David Bowie,1969,http://open.spotify.com/track/7IBfmCrfaR3SLVemWhsucQ
People and places,Nights in New York City,Jan Bradley,1968,
People and places,Levi Stubbs’ Tears,Billy Bragg,1986,
People and places,Rocket 88,Jackie Brenston and His Delta Cats,1951,http://open.spotify.com/track/2D4CW43Ewl0UZvrn9E2bo3
People and places,Blackwater Side,Anne Briggs,1971,
People and places,Smalltown Boy,Bronski Beat,1984,http://open.spotify.com/track/1nz1xzqPN4xYZtR4zgiLxt
People and places,Eight Miles High,The Byrds,1966,http://open.spotify.com/track/3M2vp32P9xXHsVRcva9G5c
People and places,Galveston,Glen Campbell,1969,http://open.spotify.com/track/7GCNh1ibQiae8aimaEUOFq
People and places,Minnie the Moocher,Cab Calloway,1931,http://open.spotify.com/track/1Ns0szGnyIV7BLkWsrkdVu
People and places,Drive,The Cars,1984,http://open.spotify.com/track/2KjYhaRlB5NtCJ0JotvJhZ
People and places,Scarborough Fair,Martin Carthy,1965,
People and places,I’m Free From the Chain Gang Now,Johnny Cash,2006,http://open.spotify.com/track/52HE6vtu3RydAcSDK3YuuN
People and places,Folsom Prison Blues,Johnny Cash,1955,http://open.spotify.com/track/7BuR7aWjwtMnejLYeh8FZk
People and places,King of Bongo,Manu Chao,1998,
People and places,Georgia on My Mind,Ray Charles,1960,http://open.spotify.com/track/5pnvs9jplQQE7uxdyHhTta
People and places,Lonely Avenue,Ray Charles,1956,http://open.spotify.com/track/43mBBdRU6GfinobxcDyufp
People and places,LA Freeway,Guy Clark,1975,http://open.spotify.com/track/0FIn08OKKHVRSFJfm6QBmS
People and places,London Calling,The Clash,1979,http://open.spotify.com/track/6UxHw23oizTlIyolc4Alaz
People and places,Many Rivers to Cross,Jimmy Cliff,1969,http://open.spotify.com/track/1dr5J5vp2lomzdDPcv4CvG
People and places,Riot in Cell Block #9,The Coasters,1954,http://open.spotify.com/track/5Hl3bPQuASTEb4t3GxhlkI
People and places,Chelsea Hotel #2,Leonard Cohen,1974,http://open.spotify.com/track/48WhdGNxaxHMdRxs11ampi
People and places,First We Take Manhattan,Leonard Cohen,1988,http://open.spotify.com/track/6C7z72JkQtC08oKYLsz791
People and places,The Banks of the Sweet Primroses,Shirley Collins,1967,
People and places,Taxes on the Farmer Feeds Us All,Ry Cooder,1972,
People and places,Chain Gang,Sam Cooke,1960,http://open.spotify.com/track/2v3StB7FS2bUZNSWWInRN7
People and places,Brother Can You Spare a Dime?,Bing Crosby,1932,http://open.spotify.com/track/2Ei1sEtJU0ENRvk3sKZx0X
People and places,Beyond the Sea,Bobby Darin,1959,http://open.spotify.com/track/1xeEkk0av46GZ4Ztq1dUEM
People and places,Mack the Knife ,Bobby Darin,1959,http://open.spotify.com/track/35hKX7JI7gvQ0oKna8895l
People and places,007 (Shanty Town),Desmond Dekker,1967,http://open.spotify.com/track/7hwvbkchjTc5JXEZ4xmQX7
People and places,Geno,Dexys Midnight Runners,1980,http://open.spotify.com/track/7gb626DDDHoiuVAGZEnlJk
People and places,Roadrunner,Bo Diddley,1960,http://open.spotify.com/track/0D98Qv08oIWYoSgVigHy9a
People and places,The Wanderer,Dion,1961,http://open.spotify.com/track/0tk8p69r1Ed2OuqiXxHdAQ
People and places,Sunny Goodge Street,Donovan,1965,http://open.spotify.com/track/0W0WuexnXG8xdSnTIHKnrQ
People and places,Black and White Town,Doves,2005,http://open.spotify.com/track/1RJxjF2aOMi1JLJ9K2PUJj
People and places,On Broadway,The Drifters,1963,http://open.spotify.com/track/1rDBmONfSiBaJJGqDH2OH5
People and places,Billericay Dickie,Ian Dury,1977,
People and places,Ballad of a Thin Man,Bob Dylan,1965,http://open.spotify.com/track/3Xbr9UqRIgo5I9Wna9sofg
People and places,Blind Willie McTell,Bob Dylan,1991,http://open.spotify.com/track/2HT5jSAGQtNJ6nM8dhvrng
People and places,Like a Rolling Stone,Bob Dylan,1965,http://open.spotify.com/track/4hR2PmKODnlFa5fe8iWzeo
People and places,The Mountain,Steve Earle,1999,
People and places,Station Approach,Elbow,2005,
People and places,Leave the Capitol,The Fall,1981,
People and places,Sin City,The Flying Burrito Brothers,1969,http://open.spotify.com/track/79eJ1pa0yAAFlloGPizz8W
People and places,Solsbury Hill,Peter Gabriel,1977,
People and places,Green Fields,"The Good, the Bad and the Queen",2007,
People and places,Over the Rainbow,Judy Garland,1939,http://open.spotify.com/track/1jNQ6e4Mze7QA3hPWbTv3B
People and places,Do Re Mi,Woody Guthrie,1940,http://open.spotify.com/track/2IsUkc97tIzMBQg67y3lVP
People and places,Big City,Merle Haggard,1981,http://open.spotify.com/track/2a57riblxsqxe1lV33JDTf
People and places,Tribute to Hank Williams,Tim Hardin,1967,http://open.spotify.com/track/7EIObUsjH82rWe34Alrou9
People and places,Boulder to Birmingham,Emmylou Harris ,1975,http://open.spotify.com/track/3PAnJueYX2pM8Ig0xSnkbI
People and places,Coles Corner,Richard Hawley,2005,http://open.spotify.com/track/5kGdayTmguCAZP87F56DUg
People and places,Just Like Eddie,Heinz,1963,http://open.spotify.com/track/3anKfvDNqW7dYBDEbmKzIn
People and places,Down in the Tube Station at Midnight,The Jam,1978,http://open.spotify.com/track/3pmY0mjzWegSxdMPwYZwSj
People and places,So What (Miles),Eddie Jefferson,1961,http://open.spotify.com/track/0PCrDhGtjxU660QHLUHYYc
People and places,Me and Bobby McGee,Janis Joplin,1971,http://open.spotify.com/track/6K81RptJZZaeEkqiV6kpyv
People and places,Cross Road Blues,Robert Johnson,1936,
People and places,Choo Choo Ch’Boogie,Louis Jordan and His Tympany Five,1946,http://open.spotify.com/track/1bPpdLPZIi24zchWIGkI3H
People and places,Spanish Harlem,Ben E King,1961,http://open.spotify.com/track/3UCmuRdeTriWgOZMEJsfqZ
People and places,(Get Your Kicks On) Route 66,Nat King Cole,1946,http://open.spotify.com/track/3k0jloXIBRigk9z7TSxr48
People and places,Dead End Street,The Kinks,1966,http://open.spotify.com/track/2qYhnsUIiu31svhUA5yGZD
People and places,The Village Green Preservation Society,The Kinks,1968,
People and places,Waterloo Sunset,The Kinks,1967,http://open.spotify.com/track/2nlvl52hnkBMoWPmWChXM8
People and places,London is the Place For Me,Lord Kitchener,1951,
People and places,Trans-Europe Express,Kraftwerk,1977,http://open.spotify.com/track/0E4dDQtMRsh2hil3J9hTMj
People and places,Ramblin’ Man ,Lemon Jelly,2002,http://open.spotify.com/track/6gZy5D9PMscYWMM1VdvZZx
People and places,Kentucky,The Louvin Brothers,1956,http://open.spotify.com/track/15GmkMpAv2Q3txQLW2c1nZ
People and places,Sweet Home Alabama,Lynyrd Skynyrd,1974,http://open.spotify.com/track/1KZ1hkR3lxhIRW57sPaY07
People and places,California Dreamin’,The Mamas and the Papas,1965,http://open.spotify.com/track/1pxO7IS622Q8DQJ7uK7JRt
People and places,"No Woman, No Cry",Bob Marley and the Wailers,1974,http://open.spotify.com/track/2Fl520GM5Pq1yCxSruf3gj
People and places,Things Are Worse in Russia,Sam Mayo,1922,
People and places,Vincent,Don McLean,1971,http://open.spotify.com/track/6b2rn4db84W8Ntz66LHi53
People and places,Me and My Chauffeur Blues,Memphis Minnie,1941,http://open.spotify.com/track/1BrAqEZyBw7t4Qk5LdPq7w
People and places,Stack O’ Lee,Mississippi John Hurt,1928,http://open.spotify.com/track/2s4dwHpeGqoXNUXoyXyG1O
People and places,Diamonds Are a Girl’s Best Friend,Marilyn Monroe,1953,http://open.spotify.com/track/0wxF2Ia8RldcEHSlEope7i
People and places,Coney Island,Van Morrison,1989,http://open.spotify.com/track/51uJPonFb6B4bjVXXIb6oR
People and places,On the Road Again,Willie Nelson,1980,http://open.spotify.com/track/3c4gb10sLoDr3OCoLIKRqm
People and places,Cars,Gary Numan,1979,http://open.spotify.com/track/3CKLPDN1AIOYa7QPpy6oDH
People and places,A Few Words in Defense of Our Country,Randy Newman,2008,http://open.spotify.com/track/1IWtqdxdgO1ThXjfjXnsSU
People and places,Baltimore,Randy Newman,1977,
People and places,I Love LA,Randy Newman,1983,
People and places,I Guess the Lord Must Be in New York City,Nilsson,1969,http://open.spotify.com/track/6gu59Q2p1Zkx2jkMdJYO1X
People and places,Blue Bayou,Roy Orbison,1963,http://open.spotify.com/track/5GdSlf0Of1E67soyYauE1i
People and places,Domino,Roy Orbison,1956,http://open.spotify.com/track/12NYyFxVvXaa8XIZEErs2D
People and places,Bruton Town,Pentangle,1968,http://open.spotify.com/track/2pqiemaVZ6QjRYH5cPCfax
People and places,King’s Cross,Pet Shop Boys,1987,
People and places,West End Girls,Pet Shop Boys,1985,http://open.spotify.com/track/5Dqik1P9toCJTLj5rEm78s
People and places,Mustang Sally,Wilson Pickett,1966,http://open.spotify.com/track/2AbmCE9mLpaVMyQeyvlgHN
People and places,Shine on You Crazy Diamond,Pink Floyd,1975,
People and places,Dirty Old Town,The Pogues,1985,http://open.spotify.com/track/7IMYW63MR1U33kX7LOecPl
People and places,Rainy Night in Soho,The Pogues,1985,http://open.spotify.com/track/6vSHxP7R5Ml9zqyO2JM5v9
People and places,Heartbreak Hotel,Elvis Presley,1956,http://open.spotify.com/track/4YpAvti84hmMqJwnAYawt5
People and places,Somewhere,PJ Proby,1964,http://open.spotify.com/track/5lz5nAO1HA7nntRU5k0IzH
People and places,Common People,Pulp,1995,http://open.spotify.com/track/3gc4sAYBuZDhbFfnauPqOf
People and places,"Bright Lights, Big City",Jimmy Reed,1961,http://open.spotify.com/track/3uNEUuL8U3RqHVyhiuD6DY
People and places,Berlin,Lou Reed,1973,
People and places,Roadrunner,Jonathan Richman and the Modern Lovers,1972,
People and places,Harper Valley PTA,Jeannie C Riley ,1968,http://open.spotify.com/track/0nAHjZ9TJ6h4Hpy8lxlP6u
People and places,T for Texas,Jimmie Rodgers,1928,http://open.spotify.com/track/5pOTmneH4pTmhxaSLtrTM0
People and places,Moonlight Mile,The Rolling Stones,1971,http://open.spotify.com/track/19syRYigiBrdGj5HUqBjzx
People and places,Ruby Tuesday,The Rolling Stones,1967,http://open.spotify.com/track/5dv34fSvGLhCaPNjiytAva
People and places,Jenny Take a Ride ,Mitch Ryder and the Detroit Wheels,1965,http://open.spotify.com/track/5mgDZhN7E1nau6ZH2ENmUH
People and places,Chancery Lane,Bim Sherman,1978,
People and places,Graceland,Paul Simon,1986,http://open.spotify.com/track/0aeaKHM4KCULhqKk4QZzjT
People and places,The Late Great Johnny Ace,Paul Simon,1983,http://open.spotify.com/track/5ach2WWI5RD1FOjDArNlRh
People and places,Homeward Bound,Simon and Garfunkel,1966,http://open.spotify.com/track/0MhdnZTAPZmdEWa3alX8eM
People and places,Mrs Robinson,Simon and Garfunkel,1968,http://open.spotify.com/track/6J1sj9dcEM91H80NIz1Gpo
People and places,"New York, New York",Frank Sinatra,1980,http://open.spotify.com/track/4tMPwjAb9FYZ2HHgXj24LU
People and places,Jackson,Nancy Sinatra and Lee Hazlewood,1967,http://open.spotify.com/track/56LjYK1rKum8m1L7aIdfm4
People and places,Born to Run,Bruce Springsteen,1975,http://open.spotify.com/track/3JlWTo11ustqpPS1V7Jivs
People and places,Up the Junction,Squeeze,1979,http://open.spotify.com/track/1zWLu0Glg7glW6ulCfDbeN
People and places,Rank Stranger,The Stanley Brothers,1950,http://open.spotify.com/track/1AkjPhgexQuQkeJpB3sS5E
People and places,Born to Be Wild,Steppenwolf,1968,http://open.spotify.com/track/78OcvMkLFsRp5AJsRexfPX
People and places,The Boys Are Back in Town,Thin Lizzy,1976,http://open.spotify.com/track/3w7SMX2L4Tx6GAR8cr5H5L
People and places,54-46 (That’s My Number),Toots and the Maytals,1968,http://open.spotify.com/track/0KVxbnJ6OfDj6P47KogYo7
People and places,Snowin’ on Raton,Townes Van Zandt,1987,
People and places,My Perfect Cousin,The Undertones,1980,http://open.spotify.com/track/2YGzQWJGukgL3eXslK1okj
People and places,In the Neighbourhood,Tom Waits,1983,
People and places,"Johnsburg, Illinois",Tom Waits,1983,http://open.spotify.com/track/1Opgvak0Qc2kyLVLFbuu1V
People and places,Do You Know the Way to San José,Dionne Warwick,1968,http://open.spotify.com/track/3lVRhqxAiipuI4kPz4TF5W
People and places,Wild Wood,Paul Weller,1993,http://open.spotify.com/track/6YV6egaDLNWSxHenzsWE1y
People and places,Living for the City,Stevie Wonder,1973,http://open.spotify.com/track/1XtEFMgU5u5yHa5N4GxIbA
People and places,Master Blaster (Jammin),Stevie Wonder,1980,http://open.spotify.com/track/3Q5K3AUwRshY9TSXxRk3IW
Sex,Try Again,Aaliyah,2000,http://open.spotify.com/track/2CM7CAL7aJ5WkPU0oGbA96
Sex,Gimme! Gimme! Gimme! (A Man After Midnight),Abba,1979,http://open.spotify.com/track/2TjNlK2tNBxF8C8RIaK9Gb
Sex,You Shook Me All Night Long,AC/DC,1980,
Sex,Love in an Elevator,Aerosmith,1989,http://open.spotify.com/track/1SDr4rc6YRpaLDkJURW3sY
Sex,Smile,Lily Allen,2006,http://open.spotify.com/track/1elLIGWtTXFm5NSRHDa4w1
Sex,When The Sun Goes Down,Arctic Monkeys,2006,http://open.spotify.com/track/2iuIqCjjPKg3DYwHHAo0kJ
Sex,Come Again,Au Pairs,1981,
Sex,Another Girl,The Beatles,1965,
Sex,Norwegian Wood (This  Bird Has Flown),The Beatles,1965,
Sex,My Ding-a-Ling,Chuck Berry,1972,http://open.spotify.com/track/2x54atSzwJO7zngKHdePjb
Sex,Kangaroo,Big Star,1978,
Sex,Je T’Aime ... Moi Non Plus,Jane Birkin and Serge Gainsbourg,1969,
Sex,Girls and Boys,Blur,1994,http://open.spotify.com/track/3Y23PZn79fu2uaefLBCJyz
Sex,Tent,Bonzo Dog Doo-Dah Band,1969,http://open.spotify.com/track/1Iv81TnJcanYzk4uyewcNi
Sex,Cruisin’ the Streets,Boys Town Gang,1981,
Sex,Get Up (I Feel Like Being a) Sex Machine,James Brown,1970,http://open.spotify.com/track/5uCdgBAqYPWQ2HGpJVGAeD
Sex,Get On Top,Tim Buckley,1972,http://open.spotify.com/track/2OqesAvEfzM5KvBHhRlz5l
Sex,Orgasm Addict,Buzzcocks,1977,http://open.spotify.com/track/4iUvyJkurdF6iDzdY4Z4al
Sex,Triad,The Byrds,1968,http://open.spotify.com/track/3Vcbq1XGXbvwXT9wC4XJjj
Sex,High Fidelity ,Elvis Costello and the Attractions,1980,http://open.spotify.com/track/0FKPuEwGl4zunq0HKcoxQ5
Sex,I Want You,Elvis Costello and the Attractions,1986,http://open.spotify.com/track/4LBnvKaSC9RqnFYA0LDIGt
Sex,Let’s Make Love and Listen to Death from Above,CSS,2006,http://open.spotify.com/track/4Cz17oLEdM9MY5BYtd0S2N
Sex,Brown Sugar,D’Angelo,1995,http://open.spotify.com/track/3tyUh8UpK0PVu00AjbP1UG
Sex,Say My Name,Destiny’s Child,1999,http://open.spotify.com/track/2gSyc23Hua25fqSFpgAh6W
Sex,Come On Eileen,Dexys Midnight Runners,1982,http://open.spotify.com/track/7L1h8TN56ynoes6aZ4kNs2
Sex,I Touch Myself,Divinyls,1991,http://open.spotify.com/track/6oNvmplQGUkmAh441Teows
Sex,Wake Up and Make Love With Me,Ian Dury and the Blockheads,1977,
Sex,I Want You,Bob Dylan,1966,http://open.spotify.com/track/6hMr51jPiGsyI16VfO8wmO
Sex,Lay Lady Lay,Bob Dylan,1969,http://open.spotify.com/track/6wo0JCftDQbbo9nsGKLzk2
Sex,Lyin’ Eyes,The Eagles,1975,
Sex,Stutter,Elastica,1993,http://open.spotify.com/track/6R8t6SQX1692z5S112XMkJ
Sex,Vaseline,Elastica,1995,http://open.spotify.com/track/3CFreeQN3KprsAO9Io0MpP
Sex,Who’s That Girl?,Eurythmics,1983,http://open.spotify.com/track/0qO7FkKWdHPc1Si1Z2nLZm
Sex,Stay With Me,The Faces,1971,http://open.spotify.com/track/6qpWQy2fQy7X0jJTg7UoiO
Sex,Passion,The Flirts,1982,
Sex,Relax,Frankie Goes to Hollywood,1983,
Sex,Sledgehammer,Peter Gabriel,1986,
Sex,Let’s Get It On,Marvin Gaye,1973,http://open.spotify.com/track/5qAV9Xmezj2Fb2cUkZCKqS
Sex,Sexual Healing,Marvin Gaye,1982,http://open.spotify.com/track/6PctvwtmRSIwmTc4HtBzJT
Sex,Fancy,Bobbie Gentry,1969,http://open.spotify.com/track/6aarvZBVzYo3sp4NYOBqCp
Sex,No Pussy Blues,Grinderman,2007,http://open.spotify.com/track/7hdfYPz4MaEcAH97E0S6vW
Sex,Bob’s Yer Uncle,Happy Mondays,1990,http://open.spotify.com/track/7p9Dw7RS1uTJubzRGRGHLV
Sex,The Man That I Am With My Man,The Hidden Cameras,2003,http://open.spotify.com/track/4O1lOLB77K8jOilQOYnULt
Sex,You Sexy Thing,Hot Chocolate,1975,http://open.spotify.com/track/3FJ86KB6nSQ1vTJbupZmmv
Sex,Saving All My Love for You,Whitney Houston,1985,http://open.spotify.com/track/0659KEGBXXfDy2pbCtZ9Wd
Sex,Between the Sheets,The Isley Brothers,1983,http://open.spotify.com/track/0RBg0YkVr7B6PGgK13PUhw
Sex,Summer (The First Time),Millie Jackson,1974,
Sex,Fujiyama Mama,Wanda Jackson,1957,http://open.spotify.com/track/56xQ4YLqsIZ4Kc6R3WEHAx
Sex,I Just Want to Make Love to You,Etta James,1961,http://open.spotify.com/track/7A96l8P8UmFPhdu7pQ8SMe
Sex,Super Freak,Rick James,1981,http://open.spotify.com/track/00FCfK15gIqylm8xeO4pjx
Sex,Crimson and Clover,Tommy James and the Shondells,1968,http://open.spotify.com/track/1vXuYPpkLjn1v06E2EsWQY
Sex,Pull Up to the Bumper,Grace Jones,1981,http://open.spotify.com/track/3nkuemN1DlyHYZCk5eZYLn
Sex,Milkshake,Kelis,2003,http://open.spotify.com/track/2cMTIlktg3M9mXYqCPqw1J
Sex,Ignition (Remix),R Kelly,2003,http://open.spotify.com/track/7uN7snLDoM1WTmMcTxNreb
Sex,Khia,"My Neck, My Back (Lick It)",2002,http://open.spotify.com/track/0XPLAWXQ03Tlk94CltCj9S
Sex,I Feel the Earth Move,Carole King,1971,http://open.spotify.com/track/437fpvkvab2A1kyZWr99u1
Sex,Sex On Fire,Kings of Leon,2008,http://open.spotify.com/track/395C2pn0PdOYPzM4B1jLoO
Sex,Black Diamond,Kiss,1974,http://open.spotify.com/track/6ChyfMvHeIdX7vaNR249AK
Sex,Lady Marmalade,Labelle,1974,http://open.spotify.com/track/3xqe6BzisHN08DOYYqTcsh
Sex,Telephone Love,JC Lodge,1988,http://open.spotify.com/track/3cWpbffv5WFX2g5n99L1th
Sex,Help Me Make It Through the Night,Kris Kristofferson,1970,http://open.spotify.com/track/2Os4SR7qNgb6vKa6cXQSUZ
Sex,Whole Lotta Love,Led Zeppelin,1969,
Sex,Whole Lotta Shakin’ Goin’ On,Jerry Lee Lewis,1957,http://open.spotify.com/track/3VIQihiCjAPP22iG0z0iJ9
Sex,French Kiss,Lil’ Louis,1989,
Sex,Tutti Frutti,Little Richard,1955,http://open.spotify.com/track/17nFSc5cJ3AHKt7qsGFtsz
Sex,Darling Be Home Soon,The Lovin’ Spoonful,1967,http://open.spotify.com/track/0WyaWFJqhVdHxK2pY9Xg8U
Party songs,Din Daa Daa,George Kranz,1984,
Sex,You Ain’t Woman Enough,Loretta Lynn,1966,http://open.spotify.com/track/0HIDHxooesFQ1zAZ3Vahgm
Sex,"Don’t Come the Cowboy With Me, Sonny Jim!",Kirsty MacColl,1989,http://open.spotify.com/track/2K0gFbHUwMJqXNfm7fJnRg
Sex,Justify My Love,Madonna,1990,http://open.spotify.com/track/5pIYRfMMlLw7NXg1ey8bRA
Sex,Electric Feel,MGMT,2008,http://open.spotify.com/track/2eGHyarZyRvUgFI4d3G8GN
Sex,I Want Your Sex,George Michael,1987,http://open.spotify.com/track/4g4UjSFx9QCTt2mqJwr4fW
Sex,Fastlove,George Michael,1996,http://open.spotify.com/track/5y0RtJTOSuy864erUivf0J
Sex,One Minute Man,Missy Elliott,2001,http://open.spotify.com/track/4SZG38k0cKCMrmpu2mPpD2
Sex,Work It,Missy Elliott,2002,http://open.spotify.com/track/5p3WoFtEm7HrRp8lKxKICu
Sex,A Case of You,Joni Mitchell,1971,http://open.spotify.com/track/42kn5anz7d6ykieCG0yIbH
Sex,Heads High,Mr Vegas,1998,http://open.spotify.com/track/4LCmlA4r2kaQ5d5Hld8y26
Sex,OPP,Naughty by Nature,1991,http://open.spotify.com/track/70zkTsvURu74HmCrEja7e4
Sex,If That’s Your Boyfriend (He Wasn’t Last Night),Me’Shell Ndegeocello,1993,http://open.spotify.com/track/1VUtTNkTTkFnlHZnkS8gEf
Sex,You Can Leave Your Hat On,Randy Newman,1972,http://open.spotify.com/track/6g15icndZ6ig2CtKcayHHx
Sex,Bizarre Love Triangle,New Order,1986,http://open.spotify.com/track/3IZYwVzsjbyw4QxbDmR3Sf
Sex,Closer,Nine Inch Nails,1994,http://open.spotify.com/track/5mHiMTaFI51iB533K7qjzG
Sex,Warm Leatherette,The Normal,1978,http://open.spotify.com/track/6LNFfNZ5HL9lDQpB52eGOh
Sex,I Want My Cock,Owen and Leon,1965,
Sex,"I’m Gonna Love You Just a Little More, Baby",Kellee Patterson,1976,
Sex,Me and Mrs Jones,Billy Paul,1972,http://open.spotify.com/track/5GYcaVfaFBHe2gzA6Oybgj
Sex,Fuck the Pain Away,Peaches,2000,http://open.spotify.com/track/1XHFob24QklIXtLRopKirJ
Sex,Gigantic,Pixies,1988,http://open.spotify.com/track/2WajMsuB3N7cv5SF12NJeX
Sex,Roxanne,The Police,1978,http://open.spotify.com/track/4pe9XMdCpgblon0CrB9jtm
Sex,If I Was Your Girlfriend,Prince,1987,http://open.spotify.com/track/6K3bHdKpYnFsWf0TpoEm1E
Sex,Little Red Corvette,Prince,1983,http://open.spotify.com/track/5sjTUwMJeAzGSCmpYJzgd4
Sex,Darling Nikki,Prince and the Revolution,1984,http://open.spotify.com/track/7bBT7pJXCyH5i7Y3AaiUNW
Sex,Kiss,Prince and the Revolution,1986,http://open.spotify.com/track/1XoOSVy4rHDyd6u8XbZ0s5
Sex,Baby Wants to Ride,Jamie Principle,1987,
Sex,Babies,Pulp,1992,http://open.spotify.com/track/2g958u66qASAxbzoO5Vva3
Sex,Do You Remember the First Time?,Pulp,1994,http://open.spotify.com/track/3rhITD3Q7qlOMCebBTHL8N
Sex,Sheffield: Sex City,Pulp,1992,http://open.spotify.com/track/75DYVxFFKJ9sHiGlVB3vT9
Sex,(Love Is Like a) Heat Wave,Martha and the Vandellas,1963,http://open.spotify.com/track/1qCbiWAHRybIDOfdkzOK7e
Sex,Nude Photo,Rhythim Is Rhythim,1987,
Sex,Inside My Love,Minnie Riperton,1975,http://open.spotify.com/track/3oxLJ747VFQTlAdrVMpznH
Sex,Honky Tonk Women,The Rolling Stones,1969,http://open.spotify.com/track/0KoKNKBkQaAulzTJ5WLV6I
Sex,Let’s Spend the Night Together,The Rolling Stones,1967,http://open.spotify.com/track/2Zko8gc25EbLJ7GCWAaB6E
Sex,Wet Dream,Max Romeo,1968,http://open.spotify.com/track/2vV6qYsr3GAtejs2hE1dV3
Sex,Love Child,Diana Ross and the Supremes,1968,http://open.spotify.com/track/2OukOzuIXcJFz9apg4gSuM
Sex,In Every Dream Home a Heartache,Roxy Music,1973,http://open.spotify.com/track/3Wkho6tesTh4aF80T6evqH
Sex,"Hold On, I’m Comin’",Sam and Dave,1966,http://open.spotify.com/track/6PgVDY8GTkxF3GmhVGPzoB
Sex,Give Him a Great Big Kiss,Shangri-Las,1965,http://open.spotify.com/track/5eByLONVak5rrPBnS29nWn
Sex,Some Velvet Morning,Nancy Sinatra and Lee Hazlewood,1967,http://open.spotify.com/track/2X89x2pEAeDgSIK3ag1jHU
Sex,Rene,Small Faces,1968,
Sex,Reel Around the Fountain,The Smiths,1984,
Sex,Empty Bed Blues,Bessie Smith,1928,http://open.spotify.com/track/3WJNDpUfN9RiWbVNSXteoD
Sex,Between the Bars,Elliott Smith,1997,http://open.spotify.com/track/6UgmVIVyznBDdkpqkKyc1O
Sex,Wreck a Buddy,Soul Sisters,1969,http://open.spotify.com/track/5y8N3Wr5bLv40PdFK3oC54
Sex,… Baby One More Time,Britney Spears,1998,http://open.spotify.com/track/52SrRaRC2SlJ2dno1flkg2
Sex,I’m On Fire,Bruce Springsteen,1985,http://open.spotify.com/track/0BDQUifzYaoHojBcnqwH7U
Sex,Da Ya Think I’m Sexy,Rod Stewart,1978,http://open.spotify.com/track/42GthmiW6mIvcyaJHdMk30
Sex,I Wanna Be Your Dog,The Stooges,1969,http://open.spotify.com/track/6clhKRH03Y0FWMTW3R1pHq
Sex,Guilty,Barbra Streisand and Barry Gibb,1981,http://open.spotify.com/track/60mGckXEG1EzR4VmjYLfEW
Sex,Animal Nitrate,Suede,1993,http://open.spotify.com/track/5MQ5IbHbvjVvbKGXuwpu0b
Sex,The Drowners,Suede,1992,http://open.spotify.com/track/05eSuaEKkmlvf0svK1QW1v
Sex,Love to Love You Baby,Donna Summer,1975,http://open.spotify.com/track/3XlWYam3ILQ9txcjjjJixQ
Sex,Wild Thing,Tone Loc,1989,http://open.spotify.com/track/14xYQ6TjnKfEeAGl4C38oq
Sex,Get It On,T Rex,1971,http://open.spotify.com/track/53sjKpBzCxzmkQIaB0Sbq3
Sex,Wild Thing,The Troggs,1966,http://open.spotify.com/track/12PKavTaqOLlyC7tRWO4dw
Sex,Red Light Special,TLC,1994,http://open.spotify.com/track/2p4kivh3HWz9TiyIuFuzlY
Sex,"Shake, Rattle and Roll",Big Joe Turner,1954,http://open.spotify.com/track/7aLoa1F3EoM8AeC6Ao1RKz
Sex,Oops (Oh My),Tweet,2002,
Sex,Desire,U2,1988,http://open.spotify.com/track/3caWBz55YTpETVOJvHBI6C
Sex,Turning Japanese,The Vapors,1980,http://open.spotify.com/track/30cHDhxUqgnHq78hv5UjMx
Sex,Venus in Furs,The Velvet Underground,1967,http://open.spotify.com/track/3BS0Y8iDtIK5SDvXpxUN17
Sex,Pictures of Lily,The Who,1967,http://open.spotify.com/track/7mUd2EEqieY6tcAdEzzuWs
Politics and protest,Me and Giuliani Down By the Schoolyard (A True Story),!!!,2003,
Politics and protest,Another World,Antony and the Johnsons,2008,http://open.spotify.com/track/4ys9lQG6FGs7ikCGtRCSDt
Politics and protest,Windowsill,Arcade Fire,2007,http://open.spotify.com/track/4qkqZdYBTa5B5f6ppIXu37
Politics and protest,(What Did I Do To Be So) Black And Blue,Louis Armstrong,1929,http://open.spotify.com/track/7ogRU94YDmyoE1MkMbrddk
Politics and protest,Stand Up for Judas,Roy Bailey,1979,
Politics and protest,A Day in the Life of a Tree,The Beach Boys,1971,http://open.spotify.com/track/69PvvnBElTbIFHVt9ue58Q
Politics and protest,I Was Born This Way,Carl Bean,1977,
Politics and protest,Stand Down Margaret,The Beat,1980,http://open.spotify.com/track/3Yhr8WrFPnwBFwxhFLUwzh
Politics and protest,I Am the Walrus,The Beatles,1967,
Politics and protest,Revolution,The Beatles,1968,
Politics and protest,War Pigs,Black Sabbath,1971,http://open.spotify.com/track/1V0mETNS6mfKRtihAMTtxy
Politics and protest,Melting Point,Blue Mink,1969,
Politics and protest,Cop Killer,Body Count,1992,
Politics and protest,And the Band Played Waltzing Matilda,Eric Bogle,1971,http://open.spotify.com/track/2bcpK9QU6cJW5PlEVQfBd5
Politics and protest,Stop the Violence,Boogie Down Productions,1988,
Politics and protest,When the President Talks to God,Bright Eyes,2005,http://open.spotify.com/track/1ScpEIsS1pVNXWafHc3tat
Politics and protest,Smalltown Boy,Bronski Beat,1984,http://open.spotify.com/track/1nz1xzqPN4xYZtR4zgiLxt
Politics and protest,Between the Wars,Billy Bragg,1985,
Politics and protest,Say It Loud – I’m Black and I’m Proud,James Brown,1968,http://open.spotify.com/track/6SP5GXlyb0yiCCMODUjeFb
Politics and protest,Slavery Days,Burning Spear,1975,http://open.spotify.com/track/1YiCnD7YmmCXWLregZmdoM
Politics and protest,Army Dreamers,Kate Bush,1980,http://open.spotify.com/track/2duFyIqY9RHzOMruitwPkq
Politics and protest,The Sun Is Burning,Ian Campbell Folk Group,1964,
Politics and protest,Company Policy,Martin Carthy,1988,
Politics and protest,Rainin’ in Paradize,Manu Chao,2007,http://open.spotify.com/track/66gj35rWhKtwzTt4603exF
Politics and protest,Straight to Hell,The Clash,1982,http://open.spotify.com/track/7mjrA5T6KQ4sb0qSgUu5nJ
Politics and protest,White Riot,The Clash,1977,http://open.spotify.com/track/40t0GuTTYhobrOijf3PfEP
Politics and protest,Running the World,Jarvis Cocker,2006,http://open.spotify.com/track/3vHqlBYlLgog7dOJn8K0Tu
Politics and protest,Alabama,John Coltrane,1963,http://open.spotify.com/track/3uY3z9cO4sR256VTPpe4Kk
Politics and protest,A Change Is Gonna Come,Sam Cooke,1964,http://open.spotify.com/track/7aXPwuC5qjhT0ddjHqe64o
Politics and protest,All the Blowing-Themselves-Up Motherfuckers (Will Realise the Minute They Die That They Were Suckers),Julian Cope,2008,
Politics and protest,Tramp the Dirt Down,Elvis Costello,1989,http://open.spotify.com/track/2pvGHaskdT2ZrKlXCVr03g
Politics and protest,Brother Can You Spare a Dime?,Bing Crosby,1932,http://open.spotify.com/track/2Ei1sEtJU0ENRvk3sKZx0X
Politics and protest,Ohio,"Crosby, Stills, Nash and Young",1970,http://open.spotify.com/track/0eFqH9smOTiNNecXMpFIi2
Politics and protest,Thou Shalt Always Kill,Dan Le Sac vs Scroobius Pip,2007,http://open.spotify.com/track/2dG4zJhjTK9BkcQQTM9A57
Politics and protest,California Über Alles,Dead Kennedys,1979,http://open.spotify.com/track/5szJ8SMwQVEvvdk65w6M6g
Politics and protest,16 Military Wives,The Decemberists,2005,http://open.spotify.com/track/5apLxy6Ko3gkOw8YtavIoe
Politics and protest,Television: The Drug of the Nation,The Disposable Heroes of Hiphoprisy,1991,http://open.spotify.com/track/4ktMrTwZD42cZThzZlHcgT
Politics and protest,Not Ready to Make Nice,Dixie Chicks,2006,http://open.spotify.com/track/65SgC0WRidtEYjWp4wwBDs
Politics and protest,Hurricane,Bob Dylan,1975,http://open.spotify.com/track/6ZRnk0vJtbgbReepK6m469
Politics and protest,Maggie’s Farm,Bob Dylan,1965,http://open.spotify.com/track/594Kh8VcfpZgFqeWrtlNnP
Politics and protest,Masters of War,Bob Dylan,1963,http://open.spotify.com/track/56inmm09BxbQvjZfSexaSM
Politics and protest,The Times They Are a-Changin’,Bob Dylan,1964,http://open.spotify.com/track/2zlP1bRIxUiEjApkELiGYd
Politics and protest,When the Ship Comes In,Bob Dylan,1964,http://open.spotify.com/track/0ILmjZkTZsPKjsZaEPmatw
Politics and protest,John Walker’s Blues,Steve Earle,2002,
Politics and protest,Role Model,Eminem,1999,http://open.spotify.com/track/3mUVtVZZJXmjZTUBvfQ4ik
Politics and protest,We Care a Lot,Faith No More,1985,http://open.spotify.com/track/2bg3JPk02VNXWxEnrWHbSL
Politics and protest,Two Tribes,Frankie Goes To Hollywood,1984,
Politics and protest,Respect,Aretha Franklin,1967,http://open.spotify.com/track/3OYh9wHWqWD6bpmO3WQNlM
Politics and protest,I Fought the Law,Bobby Fuller Four,1965,http://open.spotify.com/track/6Um3XCAxl9YfFmAnGl93xc
Politics and protest,Víctor Jara of Chile,Dick Gaughan,1985,
Politics and protest,Mercy Mercy Me (The Ecology),Marvin Gaye,1971,http://open.spotify.com/track/72rvx9ydiRGPjvE9Hy1Fi5
Politics and protest,What’s Going On?,Marvin Gaye,1971,http://open.spotify.com/track/42PyxnviKRfOa8z39g8aZj
Politics and protest,The Message,Grandmaster Flash and the Furious Five,1982,http://open.spotify.com/track/5DuTNKFEjJIySAyJH1yNDU
Politics and protest,Just Say No,Cast of Grange Hill,1986,
Politics and protest,American Idiot,Green Day,2004,http://open.spotify.com/track/6nTiIhLmQ3FWhvrGafw2zj
Politics and protest,This Land Is Your Land,Woody Guthrie,1944,http://open.spotify.com/track/7CNaYAdLyi86kofGafReiT
Politics and protest,Okie from Muskogee,Merle Haggard,1969,http://open.spotify.com/track/1BlR9w48cl5fBtebabidTM
Politics and protest,On the Blanket,Mick Hanly with Christy Moore,1980,
Politics and protest,19,Paul Hardcastle,1985,http://open.spotify.com/track/1xZchmfxPkalmqr9i0E138
Politics and protest,The Star-Spangled Banner,Jimi Hendrix,1969,http://open.spotify.com/track/5l3d4azo71WotmWhRc1zqM
Politics and protest,(We Don’t Need) This Fascist Groove Thang,Heaven 17,1981,http://open.spotify.com/track/05cKish3faAXVGK3B4wcwl
Politics and protest,Strange Fruit,Billie Holliday,1939,http://open.spotify.com/track/67q3zVsJsPRks4k0eomEWy
Politics and protest,Check Out Your Mind,The Impressions,1970,http://open.spotify.com/track/112ofK4eq7gS0gRqNNxQMM
Politics and protest,People Get Ready,The Impressions,1965,http://open.spotify.com/track/1MlXd4giftxXZgeMItb3PQ
Politics and protest,The Eton Rifles,The Jam,1979,http://open.spotify.com/track/3Q1p4GBjyj6n54oFBCicwB
Politics and protest,Going Underground,The Jam,1980,http://open.spotify.com/track/0hhikHUpfUlMBRD2gSf0mu
Politics and protest,The “Fish” Cheer/I-Feel-Like-I’m-Fixin’-to-Die Rag,Country Joe and the Fish,1967,
Politics and protest,The Village Green Preservation Society,The Kinks,1968,
Politics and protest,Zombie,Fela Kuti,1977,http://open.spotify.com/track/0tOqZJsRP90T91Jx4pzAjB
Politics and protest,The Proud,Talib Kweli,2002,http://open.spotify.com/track/5TrG4AXuPoVnw7QQnira5J
Politics and protest,The Bourgeois Blues,Leadbelly,1938,http://open.spotify.com/track/4gMvW0NSjknhTQOsIIFIkQ
Politics and protest,Give Peace a Chance,John Lennon,1969,
Politics and protest,The Ballad of Sharpeville,Ewan MacColl,1960,
Politics and protest,Eve of Destruction,Barry McGuire,1965,http://open.spotify.com/track/56PQfk2z3WaHJFTaz17kBo
Politics and protest,Material Girl,Madonna,1985,http://open.spotify.com/track/37HSCAcjOpQ31XRoeMCa60
Politics and protest,Suicide Is Painless (Theme from M*A*S*H),Johnny Mandel,1970,
Politics and protest,Redemption Song,Bob Marley,1980,http://open.spotify.com/track/0RiNfhn21ykBakicd7igLK
Politics and protest,Zimbabwe,Bob Marley and the Wailers,1979,http://open.spotify.com/track/3saDCpULymKQcyY8Ia0ULi
Politics and protest,Kick Out the Jams,MC5,1968,http://open.spotify.com/track/3MVHpVZrmLyxvWFeN9fooF
Politics and protest,Big Yellow Taxi,Joni Mitchell,1970,http://open.spotify.com/track/3DYrWKfm5gYCqXyH608Lmd
Politics and protest,Trouble Every Day,The Mothers of Invention,1966,
Politics and protest,Police and Thieves,Junior Murvin,1976,http://open.spotify.com/track/3cnvTMZRhkbzea0KC4Y4We
Politics and protest,Short People,Randy Newman,1977,http://open.spotify.com/track/6emIUUgOV0lPgUYbJ1RZ7I
Politics and protest,Fuck tha Police,NWA,1988,http://open.spotify.com/track/5Fdj7YRwgfP6HcIK0e8NP1
Politics and protest,I Ain’t Marching Anymore,Phil Ochs,1965,http://open.spotify.com/track/1IA8LarhcLMkwsI7wP0QQl
Politics and protest,Monkey Gone to Heaven,Pixies,1989,http://open.spotify.com/track/2VX2QRAGKPyqMZU8cFZ3Ib
Politics and protest,Streets of Sorrow/Birmingham Six,The Pogues,1988,http://open.spotify.com/track/2k4Gltjyhvfe9yCHN99tyD
Politics and protest,In the Ghetto,Elvis Presley,1969,http://open.spotify.com/track/7na7MmpePvl0nErQIQteBG
Politics and protest,Come Together,Primal Scream,1990,http://open.spotify.com/track/47VwP5BLMrkHLNX7Dx4f8L
Politics and protest,Sign o’ the Times,Prince,1987,http://open.spotify.com/track/4Yenz5JZZOUiZSeyKY8bDz
Politics and protest,Sam Stone,John Prine,1971,
Politics and protest,Bring the Noise,Public Enemy,1987,http://open.spotify.com/track/7Lc8L0BZVmxKT57OhQQesA
Politics and protest,Fight the Power,Public Enemy,1989,http://open.spotify.com/track/3WsrkrLMD8vWmz5RyD6n9e
Politics and protest,Killing in the Name,Rage Against the Machine,1992,http://open.spotify.com/track/2bzT8XRcAaQ3IZdrT6RogY
Politics and protest,How Can a Poor Man Stand Such Times and Live?,Blind Alfred Reed,1929,http://open.spotify.com/track/0kKl93KcM7R4qtU7wp4ake
Politics and protest,Fall On Me ,REM,1986,http://open.spotify.com/track/3HiNG3o66L2FbsM8Y7Sg6D
Politics and protest,Glad to Be Gay,Tom Robinson,1978,http://open.spotify.com/track/15mRglwFDmZEF5D0HfsiaQ
Politics and protest,Street Fighting Man,The Rolling Stones,1968,http://open.spotify.com/track/7eZ2NUG1G7SKssQqt4uRcy
Politics and protest,I’m Coming Out,Diana Ross,1980,http://open.spotify.com/track/0ew27xRdxSexrWbODuLfeE
Politics and protest,Now That The Buffalo's Gone,Buffy Sainte-Marie,1964,http://open.spotify.com/track/6yacBc7zjbSG2ebrwtLhtJ
Politics and protest,Days of Fire,Nitin Sawhney,2008,
Politics and protest,Whitey On the Moon,Gil Scott-Heron,1970,http://open.spotify.com/track/0Ko176OJTtK3ubUtzdXINI
Politics and protest,We Shall Overcome,Pete Seeger,1963,http://open.spotify.com/track/4LLjj2lFgaSWsHw7uWDqDj
Politics and protest,I’m Gonna Be an Engineer,Peggy Seeger,1973,http://open.spotify.com/track/1bXhsrCeznTkbigKIqVIQq
Politics and protest,Anarchy in the UK,Sex Pistols,1976,http://open.spotify.com/track/7KwdlMKVUyMsyrL523djBl
Politics and protest,God Save the Queen,Sex Pistols,1977,http://open.spotify.com/track/7mkLlx81e3LaCrPVZYOBCT
Politics and protest,If the Kids Are United,Sham 69,1977,http://open.spotify.com/track/2ZybCRD7fboSUv7HkXyjuN
Politics and protest,The Internationale,Sheffield Socialist Choir,1992,
Politics and protest,"To Be Young, Gifted and Black",Nina Simone,1970,http://open.spotify.com/track/3btkTbTgRXJjVSwSC3RHZe
Politics and protest,"Don’t Call Me Nigger, Whitey",Sly and the Family Stone,1969,http://open.spotify.com/track/2go5vzzDZP7KBrjQXK4KLr
Politics and protest,Swimsuit Issue,Sonic Youth,1992,http://open.spotify.com/track/0imXml1hX6wo9xGfCV6n8M
Politics and protest,Revolution,Spacemen 3,1989,
Politics and protest,Ghost Town,The Specials,1981,http://open.spotify.com/track/7iOA86nwA7RF3GwMa93H0v
Politics and protest,Free Nelson Mandela,The Special AKA,1984,http://open.spotify.com/track/57mY4qUaUegA3jvoyoz7oT
Politics and protest,American Skin (41 Shots),Bruce Springsteen and the E Street Band,2000,http://open.spotify.com/track/541WSNfHqYIzq61XXWQJJl
Politics and protest,Born in the USA,Bruce Springsteen,1984,http://open.spotify.com/track/36b2xkXNJKRCWeUrsC3jyQ
Politics and protest,War,Edwin Starr,1970,http://open.spotify.com/track/0cs3dkKsYJwdauvRRJaCOm
Politics and protest,Monster,Steppenwolf,1969,http://open.spotify.com/track/5gN9AKEIJgccrIBBMCKs68
Politics and protest,Suspect Device,Stiff Little Fingers,1978,http://open.spotify.com/track/7Ig7b1MJJKbNyTxLU6u9rZ
Politics and protest,The Man Don’t Give a Fuck,Super Furry Animals,1996,http://open.spotify.com/track/00QZGqUswem6nUiqAKs6Po
Politics and protest,Long Walk to DC,The Staple Singers,1968,http://open.spotify.com/track/7yDbI673oElwJy891HuBHZ
Politics and protest,Peace Train,Cat Stevens,1971,http://open.spotify.com/track/0kPj8oXqC8iz8AYJc3UUka
Politics and protest,The Killing of Georgie (Part I and II),Rod Stewart,1976,http://open.spotify.com/track/1VcmUcqIu77SOnRjAvbFTc
Politics and protest,BYOB,System Of A Down,2005,http://open.spotify.com/track/5b5R8oiVflR4vW9sFc8q3W
Politics and protest,Dad’s Gonna Kill Me,Richard Thompson,2007,http://open.spotify.com/track/65fzTuQr4DhjQATlRq0u8Q
Politics and protest,Legalize It,Peter Tosh,1976,http://open.spotify.com/track/3j4f5c97RD6GxVeUySXyUd
Politics and protest,Keep Ya Head Up,Tupac,1993,http://open.spotify.com/track/73hn54pVkteT7E2CrdAlvU
Politics and protest,Sunday Bloody Sunday,U2,1983,http://open.spotify.com/track/7JLEWweiny60arxyKTKIwl
Politics and protest,We Are the World,USA for Africa,1985,
Politics and protest,"Get Up, Stand Up",The Wailers,1973,http://open.spotify.com/track/4xAMYRrgL5JaaR57g2cPrS
Politics and protest,The Day After Tomorrow,Tom Waits,2004,http://open.spotify.com/track/6ipRDQPnSMst9V3wVQjVGg
Politics and protest,The Old Man’s Back Again (Dedicated to the Neo-Stalinist Regime),Scott Walker,1969,http://open.spotify.com/track/23LS90srRC3n86OWgUBUQx
Politics and protest,Wham Rap! (Enjoy What You Do),Wham!,1982,http://open.spotify.com/track/0kA7p1R4Cx6CMpUG4tPKfI
Politics and protest,My Generation,The Who,1965,http://open.spotify.com/track/4kxrawSkeAoJiASQArwqYO
Politics and protest,You Haven’t Done Nothin’,Stevie Wonder,1974,http://open.spotify.com/track/6iNsJeA9xAbfiGAOzsI93H
Politics and protest,The Cottager’s Reply,Chris Wood,2008,
Politics and protest,Asbestos Lead Asbestos,World Domination Enterprises,1985,
Politics and protest,Shipbuilding,Robert Wyatt,1982,
Politics and protest,Harrowdown Hill,Thom Yorke,2006,http://open.spotify.com/track/2C3xIudHEjCIS5KT4JuM0b
Politics and protest,Rockin’ in the Free World,Neil Young,1989,http://open.spotify.com/track/66DoazlvE7LmUT47pfLQam
Politics and protest,Southern Man,Neil Young,1970,http://open.spotify.com/track/1JqNtFOi0K8xUpfeNHMPJz
Life and death,Satta Massagana,Abyssinians,1971,http://open.spotify.com/track/27adNyPtau6RYDGsUbXEo4
Life and death,Dream On,Aerosmith,1973,http://open.spotify.com/track/2WZbjDTXP78H9xq58cnSWF
Life and death,Fluorescent Adolescent,Arctic Monkeys,2007,http://open.spotify.com/track/1ng9LjmY5V6Wzk9HJqB9FI
Life and death,St James Infirmary Blues,Louis Armstrong,1928,http://open.spotify.com/track/7J76OkHtp3A7ufswzoXdT1
Life and death,What a Wonderful World,Louis Armstrong,1968,http://open.spotify.com/track/2ZeRwblv2s82MQKvLoEzeV
Life and death,In My Room,The Beach Boys,1963,http://open.spotify.com/track/0sL9QSjcOMNdU829l7pNb0
Life and death,Yer Blues,The Beatles,1968,
Life and death,Yesterday,The Beatles,1965,
Life and death,Chris Bell,Look Up,1974,
Life and death,Paranoid,Black Sabbath,1970,http://open.spotify.com/track/7eWOuDHQOa6lNLLtQSMIdN
Life and death,Happiness,The Blue Nile,1996,http://open.spotify.com/track/4QNFOoqcwSW0gH9JURiPnV
Life and death,Blue Öyster Cult,(Don’t Fear) The Reaper,1976,http://open.spotify.com/track/2NL4BBBSgypHnxUKmQdYcT
Life and death,This Is a Low,Blur,1994,http://open.spotify.com/track/1aQZJlD0KtNgZBkC74mTkd
Life and death,Kooks,David Bowie,1971,http://open.spotify.com/track/4t1XVKQQxxutKSQxBU1ajq
Life and death,Never Get Old,David Bowie,2003,
Life and death,Bertie,Kate Bush,2005,http://open.spotify.com/track/1DoPTuunqTabblM4DTXBUT
Life and death,Goin’ Back,The Byrds,1968,http://open.spotify.com/track/27sI9GC4xswPEHxBDZU7lZ
Life and death,Work,John Cale and Lou Reed,1990,
Life and death,Will the Circle Be Unbroken (By and By),The Carter Family,1935,
Life and death,The Mercy Seat,Nick Cave and the Bad Seeds,1988,http://open.spotify.com/track/7i4motUtsM4VFIH5XEPJRR
Life and death,I’m On My Way to a Better Place,Chairmen of the Board,1972,
Life and death,Cher,If I Could Turn Back Time,1989,http://open.spotify.com/track/0A8HK5hV5SgywiKKrBPKDU
Life and death,C’mon Everybody,Eddie Cochran,1958,http://open.spotify.com/track/1q2JUOBJqs0ezWvf0Rkm4f
Life and death,My Favorite Things,John Coltrane Quartet,1961,http://open.spotify.com/track/5bKWHp2AY6aMtYMBVBL21F
Life and death,School’s Out,Alice Cooper,1972,http://open.spotify.com/track/1ad6vKBg5pzyM9oCQ0M9Fg
Life and death,Fisherman,The Congos,1977,http://open.spotify.com/track/00m6N23ZTNEtsg65N1WcDV
Life and death,My Three Sons,Elvis Costello and the Imposters,2008,http://open.spotify.com/track/42dcvzRNIHgvWpKhjyTOlL
Life and death,"Annie, I’m Not Your Daddy",Kid Creole and the Coconuts,1982,http://open.spotify.com/track/5paJLghWSGmEf6sY7LeYel
Life and death,King Creosote,My Favourite Girl,2005,http://open.spotify.com/track/4oBGNxAAZzpPh1FiA6BPxj
Life and death,That’ll Be the Day,The Crickets,1957,http://open.spotify.com/track/1EsziXsEVchm2bueFMIzax
Life and death,Killing an Arab,The Cure,1978,http://open.spotify.com/track/4kE10gVBAweSufT8XOcdWv
Life and death,Personal Jesus,Depeche Mode,1989,http://open.spotify.com/track/70CZdyut5PuhQWgf1lkGXX
Life and death,Fat As a Fiddle,Chris Difford,2008,
Life and death,Teen Angel,Mark Dinning,1959,
Life and death,Sunshine Superman,Donovan,1966,http://open.spotify.com/track/6HPxuDcDYHPAfyxIm796Cd
Life and death,Working in a Coal Mine,Lee Dorsey,1966,http://open.spotify.com/track/5GR1Jj5ahZtoR6WqyM5LP4
Life and death,Black Eyed Dog,Nick Drake,1986,http://open.spotify.com/track/5QU5nNPIPvNS0NtWLNfcuO
Life and death,Not On Top,Herman Düne,2005,
Life and death,Death Is Not the End,Bob Dylan,1988,
Life and death,Every Grain of Sand,Bob Dylan,1981,
Life and death,Forever Young,Bob Dylan,1974,http://open.spotify.com/track/1xOqdmOQsvP0dwZL5d46WA
Life and death,Knockin’ On Heaven’s Door,Bob Dylan,1973,http://open.spotify.com/track/0BemTX3XUeTyL8UgICqjkj
Life and death,The Lonesome Death of Hattie Carroll,Bob Dylan,1964,
Life and death,Lonelier Than This,Steve Earle,2000,
Life and death,Ebony Eyes,The Everly Brothers,1961,http://open.spotify.com/track/4eZfC3Dda1SNsNAgMxoKXN
Life and death,Summertime,Ella Fitzgerald,1959,http://open.spotify.com/track/6igoGVFPInRBwkf4YawNRu
Life and death,Regulate,Warren G and Nate Dogg,1994,http://open.spotify.com/track/5EEOjaJyWvfMglmEwf9bG3
Life and death,Save the Children,Marvin Gaye,1971,http://open.spotify.com/track/5k2Q94JSvf3gpYIibSz8I4
Life and death,"Glory Hallelujah, How They’ll Sing",Bobbie Gentry,1969,
Life and death,Mind Playing Tricks On Me,Geto Boys,1991,
Life and death,So Nice (Summer Samba),Astrud Gilberto,1966,http://open.spotify.com/track/155rAbTUh7q24pynaJsQLu
Life and death,Tired of Being Alone,Al Green,1971,
Life and death,Spirit in the Sky,Norman Greenbaum,1969,
Life and death,Workin’ Man’s Blues,Merle Haggard,1969,http://open.spotify.com/track/5TJ2aQyvZIexiWunUdKxka
Life and death,All Things Must Pass,George Harrison,1970,
Life and death,I Hear Voices,Screamin’ Jay Hawkins,1962,http://open.spotify.com/track/5kM2F1fbpN9wPhYhVOPDTv
Life and death,Hey Joe,The Jimi Hendrix Experience,1966,http://open.spotify.com/track/4wCeZzV2w2s7QwNRZQRDhU
Life and death,Stuck Between Stations,The Hold Steady,2006,http://open.spotify.com/track/4wp6Zi8ugh2aso4J3XnXln
Life and death,Gloomy Sunday,Billie Holiday,1941,http://open.spotify.com/track/3kksPdaT31d5IcoP6GPu5I
Life and death,These Important Years,Hüsker Dü,1987,http://open.spotify.com/track/3a70lhNaUyjEFp8LKlMpxU
Life and death,Dead Homiez,Ice Cube,1990,http://open.spotify.com/track/69lcL9wMsC5TX0gtSZxX8h
Life and death,Good Life,Inner City,1988,http://open.spotify.com/track/5sJiLlgQKBL81QCTOkoLB5
Life and death,Iron Maiden,The Number of the Beast,1982,http://open.spotify.com/track/7gs3FWszkPUxBogi7oyt1y
Life and death,Seasons in the Sun,Terry Jacks,1974,
Life and death,Bert Jansch,Needle of Death,1965,http://open.spotify.com/track/2Er04cz8zf7sjBd2e3v54g
Life and death,Gun Shot,Anthony Johnson,1982,http://open.spotify.com/track/2H6mTlLxYjy4rMh2Rblvs5
Life and death,Losing My Edge,LCD Soundsystem,2002,http://open.spotify.com/track/57QpgJA1yNN5DyhYaN4x4p
Life and death,Someone Great,LCD Soundsystem,2007,http://open.spotify.com/track/2VGDntFPvgvqSiUf9ITEfW
Life and death,Gallows Pole,Led Zeppelin,1970,
Life and death,God,John Lennon,1970,
Life and death,Here I Come,Barrington Levy,1985,http://open.spotify.com/track/4oKntjpTrsvHoQSCv6SxPV
Life and death,Knoxville Girl,The Louvin Brothers,1959,http://open.spotify.com/track/4MEyZH8XHQUd0vieDbOa6O
Life and death,Alone Again Or,Love,1967,http://open.spotify.com/track/6hXHOrhKW9dgQt35Mc5dCb
Life and death,Madness,Baggy Trousers,1980,
Life and death,La Tristesse Durera (Scream to a Sigh),Manic Street Preachers,1993,http://open.spotify.com/track/0OqifMNuR0aWjFoQThlVAZ
Life and death,May You Never,John Martyn,1973,http://open.spotify.com/track/47qIZIE8m5zcjmpJL7DSS9
Life and death,Safe from Harm,Massive Attack,1991,http://open.spotify.com/track/0Nj4Fadx3sCE0QtBvHKDhM
Life and death,Fade to Black,Metallica,1984,
Life and death,Life’s a Bitch,Nas,1994,http://open.spotify.com/track/6s9Nl0vMsUhdYO1fbmrGQO
Life and death,Feel It (In the Air Tonight),Naturally 7,2006,http://open.spotify.com/track/5tr7iRvlbeXhJxCsYpleIb
Life and death,God’s Song (That’s Why I Love Mankind),Randy Newman,1972,http://open.spotify.com/track/0gvmUlKbABaYKEtOV40aA8
Life and death,Lithium,Nirvana,1991,http://open.spotify.com/track/2DrEeo4eMULdAVe1U7P9PB
Life and death,Mo Money Mo Problems,The Notorious BIG,1997,http://open.spotify.com/track/2XncSBceg7BwEpbWVI6FLi
Life and death,Suicidal Thoughts,The Notorious BIG,1994,http://open.spotify.com/track/5k8VqtBhkbAYakV5ZEFYNo
Life and death,Alone Again (Naturally),Gilbert O’Sullivan,1972,
Life and death,Oasis,Live Forever,1994,
Life and death,Satan,Orbital,1991,
Life and death,Ms Jackson,OutKast,2000,http://open.spotify.com/track/7KAERELHmBqhdmVJHcgSrb
Life and death,9 to 5,Dolly Parton,1980,http://open.spotify.com/track/5UWYJWoVXRpaLuzzXmHqg8
Life and death,"Another Brick in the Wall, Part II",Pink Floyd,1979,
Life and death,Message in a Bottle,The Police,1979,http://open.spotify.com/track/33MxZySx17wtJmXUeQwrdG
Life and death,Glory Box,Portishead,1994,http://open.spotify.com/track/1kP7mnqqSsCxmIqHnr2m20
Life and death,Sour Times,Portishead,1994,http://open.spotify.com/track/0vKW55N3nrlWCD4U3YTwaH
Life and death,Stagger Lee,Lloyd Price,1958,http://open.spotify.com/track/3CrbWMJbTlI9T4pB7p5J35
Life and death,Paranoid Android,Radiohead,1997,http://open.spotify.com/track/2EuMREhmnIPQFaqXUH5yPu
Life and death,(Sittin’ On) The Dock of the Bay,Otis Redding,1968,http://open.spotify.com/track/0y8h1AJzI4y7UxzX5xdVpo
Life and death,Paint it Black,The Rolling Stones,1966,http://open.spotify.com/track/29njOUf53Vc91WEeya44vO
Life and death,I Seen a Man Die,Scarface,1994,
Life and death,Me and Julio Down By the Schoolyard,Paul Simon,1972,http://open.spotify.com/track/1XU3s83WnD0EZh6KZHNLEX
Life and death,Feeling Good,Nina Simone,1965,http://open.spotify.com/track/0XaVWd4MhlnxT6uUpFV501
Life and death,It Was a Very Good Year,Frank Sinatra,1965,http://open.spotify.com/track/5lDcHK1FUDAQnMrvMGsGvA
Life and death,Piss Factory,Patti Smith,1974,http://open.spotify.com/track/4jue8yd6Ct7191KkADXyzO
Life and death,Dress Sexy at My Funeral,Smog,2000,
Life and death,100%,Sonic Youth,1992,http://open.spotify.com/track/22FuG2QEbazTAzzSBOULk4
Life and death,No Surrender,Bruce Springsteen,1984,http://open.spotify.com/track/5eMjyo7t0lAl5PobsAqSe2
Life and death,O Death,Ralph Stanley,2000,
Life and death,Once in a Lifetime,Talking Heads,1980,http://open.spotify.com/track/7CIYGsVYYqUyNnwmU2bc32
Life and death,Psycho Killer,Talking Heads,1977,http://open.spotify.com/track/1F9RobwaMi1mimBs0hW3kB
Life and death,This Is the Day,The The,1983,http://open.spotify.com/track/5O7RVmqK3AYoFfyeafxOqH
Life and death,Wish Someone Would Care,Irma Thomas,1964,http://open.spotify.com/track/4gyA9RzfJvZRw7YDDPJRZO
Life and death,The End of the Rainbow,Richard and Linda Thompson,1974,http://open.spotify.com/track/4A1SdZ4anubLlSu1NRtQuZ
Life and death,I Ain’t Mad at Cha,Tupac,1996,http://open.spotify.com/track/5IruGb6BKWcB7hpPnj4YQO
Life and death,Hail Mary,Tupac - as Makaveli,1997,http://open.spotify.com/track/2jNlqJV2GnmKosuuvJS8RY
Life and death,Exit,U2,1987,http://open.spotify.com/track/7EyUsCwlxmxIib6CWWSo76
Life and death,One,U2,1992,http://open.spotify.com/track/4lnFwlk4m7hhFHCWmMbLqW
Life and death,Walk Like a Man,Frankie Valli and the Four Seasons,1963,http://open.spotify.com/track/3ebFVCEIcB3zW9RbnHk28D
Life and death,Jesus,The Velvet Underground,1969,http://open.spotify.com/track/030AxdYEncwjWPZGEL2fDa
Life and death,Rufus Is a Tit Man,Loudon Wainwright III,1975,http://open.spotify.com/track/7ELRQhh1oVMPQCPUiUqrvH
Life and death,Martha,Tom Waits,1973,http://open.spotify.com/track/2r0SdO3iOO3dmmVUdwzwzD
Life and death,You in the Sky,The Waterboys,2006,
Life and death,Frankie and Johnny,Mae West,1928,
Life and death,23 Years Ago,Paul Westerberg,2004,http://open.spotify.com/track/40C20xZeOnu64jvXMTJ1ZL
Life and death,Grandma’s Hands,Bill Withers,1971,http://open.spotify.com/track/1qfDfZAvrkSAFrAR2FTQDv
Life and death,My Death,Scott Walker,1967,http://open.spotify.com/track/4mL9NVLLrBJz1kmrM2M5qd
Life and death,Moon On Your Pyjamas,Paul Weller,1993,
Life and death,I’m So Lonesome I Could Cry,Hank Williams,1949,http://open.spotify.com/track/3bAWaK1KyeFpww4xK8ztyO
Life and death,My Son Calls Another Man Daddy,Hank Williams,1950,http://open.spotify.com/track/5wZhj1LcXztboIh3T1VgMw
Life and death,Don’t You Worry ‘Bout a Thing,Stevie Wonder,1973,
Life and death,Germ Free Adolescents,X-Ray Spex,1978,http://open.spotify.com/track/0h0TIuu7EHy43Cw3aEETjF
Life and death,Neil Young,Old Man,1972,http://open.spotify.com/track/2AylP2SrOxus7LieLnzUQG
Life and death,Warren Zevon,Keep Me in Your Heart,2003,
Party songs,Pacific State,808 State,1989,
Party songs,Dancing Queen,Abba,1976,http://open.spotify.com/track/2rgqPSIRAfaO2MGo9smdSX
Party songs,Back in Black,AC/DC,1980,
Party songs,Because I Got High,Afroman,2001,http://open.spotify.com/track/5ztUVSEAJKW6lw4X03ae48
Party songs,Uptown Top Ranking,Althea and Donna,1977,http://open.spotify.com/track/34zWZOSpU2V1ab0PiZCcv4
Party songs,Windowlicker,Aphex Twin,1999,
Party songs,I Bet You Look Good On the Dancefloor,Arctic Monkeys,2005,http://open.spotify.com/track/5U2OpjVE3r64Nm8tyR2T9S
Party songs,Re-Rewind,The Artful Dodger featuring Craig David,1999,http://open.spotify.com/track/0rKbtHLiAeta9tnONNYlAC
Party songs,Bourgie Bourgie ,Ashford and Simpson,1979,http://open.spotify.com/track/2qwFWKUwT7SqADAWtWEn1s
Party songs,9pm (Till I Come),ATB,1999,http://open.spotify.com/track/1CgbwsrNDlFrRuk2ebQ7zr
Party songs,Love Shack,The B-52’s,1989,http://open.spotify.com/track/0OyTSpN4gGPSIDuGbKzMEu
Party songs,"Yes Sir, I Can Boogie",Baccara,1977,http://open.spotify.com/track/268jT4m5ztrceh5qdzpQ68
Party songs,(You Gotta) Fight for Your Right (To Party),Beastie Boys,1987,http://open.spotify.com/track/47jYDzCytZHNQkCEfs8Dgf
Party songs,Night Fever,Bee Gees,1978,http://open.spotify.com/track/66wpCqkkM6MrxXSbfgmsrh
Party songs,Tighten Up,Archie Bell and the Drells,1968,http://open.spotify.com/track/0qKCm8yeHoRJTpryDDQ9TT
Party songs,Night,Benga and Coki,2007,
Party songs,Big Time Sensuality,Björk,1993,http://open.spotify.com/track/2MaZUlTMFaTWYH7VnQL6rk
Party songs,Let’s Start II Dance Again,Hamilton Bohannon,1981,
Party songs,Let’s Dance,David Bowie,1983,http://open.spotify.com/track/2nIuUXnHHzS3wymUhJdVa8
Party songs,Self Control,Laura Branigan,1984,http://open.spotify.com/track/4bpHayutj5AejSwtEpyvUR
Party songs,Hang On in There Baby,Johnny Bristol,1974,http://open.spotify.com/track/03ZrvcYZGCYpimu6dYdhPY
Party songs,"Land of 1,000 Dances",Cannibal and the Headhunters,1965,http://open.spotify.com/track/0WRQZg69vaeU0fB2EHGAEw
Party songs,Love Will Keep Us Together,Captain and Tennille ,1975,http://open.spotify.com/track/10pcZvQ4QTKeHRvTUAeHVD
Party songs,Flashdance,Irene Cara,1983,http://open.spotify.com/track/4H1wVutCHT8Pncz6jWjVrg
Party songs,Cocaine Blues,Johnny Cash,1968,http://open.spotify.com/track/6ogJG0epBYDCMb37n8z637
Party songs,Shake Your Tailfeather,Ray Charles,1980,
Party songs,Le Freak,Chic,1978,http://open.spotify.com/track/4HHQNuSudz9yv7piGFMchm
Party songs,Weekend,Class Action,1981,
Party songs,Machine Gun,Commodores,1974,http://open.spotify.com/track/2INLSpeJq53F0HtnNHV3Ad
Party songs,Sweet Soul Music,Arthur Conley,1967,http://open.spotify.com/track/0pvA063uNyGQFp7DNtmk0P
Party songs,Brimful of Asha,Cornershop,1997,http://open.spotify.com/track/3Zh5cecN8TqelTN30SJUww
Party songs,Drug Train,The Cramps,1980,http://open.spotify.com/track/4a61QVxWahKxq40GtkcS3x
Party songs,Somebody Oughta Turn Your Head Around,Crystal Mansion,1972,
Party songs,Da Funk,Daft Punk,1995,http://open.spotify.com/track/0MyY4WcN7DIfbSmp5yej5z
Party songs,Gabriel,Roy Davis Jr,1998,
Party songs,Groove Is in the Heart,Deee-Lite,1990,http://open.spotify.com/track/2UVLuddklEVak5PXgC7baA
Party songs,Just Can’t Get Enough,Depeche Mode,1981,http://open.spotify.com/track/4DAEaxpxKJy0Hq5mAiEnOO
Party songs,Whip It,Devo,1980,http://open.spotify.com/track/6QG0wcgoCsa9pqFyTg0rRO
Party songs,Soul Makossa,Manu Dibango,1972,http://open.spotify.com/track/4JaOd0NUBTckYFZMguuY7M
Party songs,Cokane in My Brain,Dillinger,1976,http://open.spotify.com/track/4qhRH8f3Du6ooDZFaKou45
Party songs,Long Train Runnin’,Doobie Brothers,1973,http://open.spotify.com/track/6DwWChkbqCyv1wwflMkLRZ
Party songs,Hit Me With Your Rhythm Stick,Ian Dury and the Blockheads,1978,
Party songs,Boogie Wonderland,"Earth, Wind and Fire",1979,http://open.spotify.com/track/0jyElqUm59deyol951jPsr
Party songs,Talking With Myself,Electribe 101,1988,http://open.spotify.com/track/3f51nzhw9mL1iUUYehPYCg
Party songs,Livin’ Thing,Electric Light Orchestra,1976,http://open.spotify.com/track/7l6rfNKHyD8MsXkJztfzFi
Party songs,The Clapping Song,Shirley Ellis,1965,
Party songs,Be Faithful,Fatman Scoop featuring the Crooklyn Clan,1999,
Party songs,Doctor Love,First Choice,1977,
Party songs,The Gnu,Flanders and Swann,1959,http://open.spotify.com/track/52HRCPyzVqut2PK1IglGje
Party songs,Think About It (What Is Wrong With the World Today),Flight of the Conchords,2008,http://open.spotify.com/track/2X9FjhzcAdujUqalXXXD27
Party songs,One Nation Under a Groove,Funkadelic,1978,
Party songs,Biology,Girls Aloud,2005,http://open.spotify.com/track/5gVFOj7whQCfMoXNXePOIt
Party songs,Dare,Gorillaz,2005,http://open.spotify.com/track/4Hff1IjRbLGeLgFgxvHflk
Party songs,All I Want for Christmas Is a Dukla Prague Away Kit,Half Man Half Biscuit,1986,
Party songs,Rokit,Herbie Hancock,1983,
Party songs,WFL (Think About the Future) ,Happy Mondays,1989,http://open.spotify.com/track/3xI5fXGrMMvn8EZIdYxW56
Party songs,Back to My Roots,Richie Havens,1981,http://open.spotify.com/track/6PFsub5iIJwrBb8qBRqmiV
Party songs,Over and Over,Hot Chip,2006,http://open.spotify.com/track/6m5D7zGVbzAxceDXQTsRSX
Party songs,Jump Around,House of Pain,1992,http://open.spotify.com/track/2oTDOIAdsxPTE7yAp4YOcv
Party songs,Last Night a DJ Saved My Life,Indeep,1982,
Party songs,Don’t Stop ’Til You Get Enough,Michael Jackson,1979,http://open.spotify.com/track/5NWKkTdkHSZalDaorymVHQ
Party songs,Off the Wall,Michael Jackson,1979,http://open.spotify.com/track/2qfiBST2NqT6PXnwaW9Gbn
Party songs,I Love Rock’n’Roll,Joan Jett and the Blackhearts,1982,
Party songs,Nightclubbing,Grace Jones,1981,http://open.spotify.com/track/26aTdkjT06bukXYdJRuhtN
Party songs,Williams Blood (Aeroplane remix),Grace Jones,2008,
Party songs,Cocktails for Two,Spike Jones and His City Slickers,1944,http://open.spotify.com/track/3JmwSgu1vxYXdblOJMXUQz
Party songs,Transmission,Joy Division,1979,http://open.spotify.com/track/69aXQyUnUC0BWgATlSWNB2
Party songs,We Are Your Friends,Justice v Simian,2002,http://open.spotify.com/track/2iJDCXpFPwxgFO6MBozHmb
Party songs,Silly Games ,Janet Kay,1979,http://open.spotify.com/track/4sBBSqBIG5gnlx95QQj4XH
Party songs,Louie Louie,The Kingsmen,1963,http://open.spotify.com/track/3VctpyG5B5Y6dbTep9NmOP
Party songs,Golden Skans,Klaxons,2007,http://open.spotify.com/track/0RG6G9tAMdFRASUf31TRxr
Party songs,My Sharona,The Knack,1979,http://open.spotify.com/track/1FTnBp64Iy26qERGibjknm
Party songs,Numbers/Computer World 2,Kraftwerk,1981,http://open.spotify.com/track/3WgqXxHygR2HMVDjwhy3rS
Party songs,Upside Down,Fela Kuti,1976,http://open.spotify.com/track/0dle66YE2om3mCgTguJLOK
Party songs,Jimmy Jimmy Aaja,Bappi Lahiri/Parvati Khan,1982,http://open.spotify.com/track/4I0v1IDuMR868pgT7y5PPM
Party songs,Girls Just Want to Have Fun,Cyndi Lauper,1983,http://open.spotify.com/track/7sMGwiS4vOMcz86ZY3vKYM
Party songs,Pow! (Forward),Lethal Bizzle,2004,http://open.spotify.com/track/37uFAVNwaRF7XUdByyJyNN
Party songs,LFO,LFO,1990,
Party songs,Can’t Stand Me Now,The Libertines,2004,http://open.spotify.com/track/2cY5MaSgqNXLSkjGb5iRl1
Party songs,Is It All Over My Face,Loose Joints,1980,
Party songs,Love Loves to Love Love,Lulu,1967,http://open.spotify.com/track/185Uc0jhEnHBZW1KYN9YCk
Party songs,Pop Muzik,M,1979,http://open.spotify.com/track/0SHbehTzk01RfLDVAVaCtA
Party songs,Cross the Tracks (We Better Go Back),Maceo and the Macks,1975,http://open.spotify.com/track/6n87nzWTGpNr26NbkNQoVv
Party songs,There But for the Grace of God,Machine,1979,
Party songs,Beautiful Stranger,Madonna,1999,http://open.spotify.com/track/0FEVHpFTuSJUY59YQjZm2G
Party songs,Everybody,Madonna,1982,http://open.spotify.com/track/3i6PtDe9qmRDBEdSSpouBB
Party songs,Holiday,Madonna,1983,http://open.spotify.com/track/2T8cZAwbhrTVjGwZo5c7sK
Party songs,Rock Your Baby,George McCrae,1974,http://open.spotify.com/track/1lmfsSEuxU4PpT739Kihno
Party songs,Buffalo Gals,Malcolm McLaren,1983,http://open.spotify.com/track/4gCo2r1gCEw70OAq9cF1uW
Party songs,Move On Up,Curtis Mayfield,1970,http://open.spotify.com/track/6evohxlACvIJ6vAs1083NQ
Party songs,White Lines (Don’t Do It),Grandmaster Melle Mel,1983,
Party songs,Kids,MGMT,2008,http://open.spotify.com/track/2IAcYOEnZWTn3yR6LDslRY
Party songs,Paper Planes (DFA remix),MIA,2008,http://open.spotify.com/track/2UZ6MDDg3y5fTAzQU3YYfo
Party songs,4 My People,Missy Elliott,2001,http://open.spotify.com/track/2er94TdlKpJSMZSc8qha09
Party songs,Bedazzled,Dudley Moore and Peter Cook,1967,
Party songs,Hot in Herre,Nelly,2002,http://open.spotify.com/track/652F9V2xyoY43Pj8urZ4zM
Party songs,True Faith,New Order,1987,http://open.spotify.com/track/1n8WaWEUZx3GeknGwh02DC
Party songs,Short People,Randy Newman,1977,http://open.spotify.com/track/6emIUUgOV0lPgUYbJ1RZ7I
Party songs,I’m in the Mood for Dancing,The Nolans,1979,http://open.spotify.com/track/5ZfCBpUOj3guBzjQIsDhIr
Party songs,Cigarettes and Alcohol,Oasis,1994,
Party songs,Got Your Money,Ol’ Dirty Bastard,1999,
Party songs,Hey Ya!,OutKast,2003,http://open.spotify.com/track/4QhYssD3qdSGd5yqW0h7cI
Party songs,Acid Tracks,Phuture,1987,
Party songs,Papa’s Got a Brand New Pigbag,Pigbag,1981,http://open.spotify.com/track/1t1kkvAe1iP5Xa6vCv3j9Z
Party songs,Stop Bajon (Primavera),Tullio De Piscopo,1984,http://open.spotify.com/track/1JcmMYyRAbj00Q90oHBsBr
Party songs,Witness the Pitness,Pitman,2002,
Party songs,Streams of Whiskey,The Pogues,1984,http://open.spotify.com/track/4ftQUqPjuk4KtAIHqqYzmN
Party songs,Jump (For My Love),The Pointer Sisters,1984,http://open.spotify.com/track/59K6GctkD8lWljFYa8eE6D
Party songs,Brass in Pocket,The Pretenders,1979,http://open.spotify.com/track/3LRFgPsd8LwJb8TJchrAuO
Party songs,Loaded,Primal Scream,1991,http://open.spotify.com/track/5uWCPq3jVOuiun7Uku3wiU
Party songs,1999,Prince,1983,http://open.spotify.com/track/4CEKJRYtYDp0GPzw9JGZYX
Party songs,Let’s Go Crazy,Prince,1984,http://open.spotify.com/track/7050AA1cNN8s3482pgx2bO
Party songs,Out of Space,The Prodigy,1992,http://open.spotify.com/track/6XlhmDYOFPSWho2gib2F9z
Party songs,Hit the Bongo,Tito Puente,1968,
Party songs,Sorted for Es and Wizz,Pulp,1995,http://open.spotify.com/track/6DEakx9CewGzF3u9UEyJvD
Party songs,Now I’m Here,Queen,1974,http://open.spotify.com/track/0s0i59YQo6TBJXEvxkoIfU
Party songs,Feel Good Hit of the Summer,Queens of the Stone Age,2000,http://open.spotify.com/track/48l5x5ghGRhz10rbuKrI0n
Party songs,House of Jealous Lovers,The Rapture,2002,http://open.spotify.com/track/7lsMHdLHRRkGElzVPn91ZW
Party songs,All Night Long (All Night),Lionel Richie,1983,http://open.spotify.com/track/7HcIV2tSBj8O8RtGed2ViS
Party songs,Someday,Ce Ce Rogers,1987,
Party songs,Witness (1 Hope),Roots Manuva,2001,http://open.spotify.com/track/1qNpcgSkAWWbIBDDkwkqH1
Party songs,Virginia Plain,Roxy Music,1972,http://open.spotify.com/track/6b4wMiPcl21hL8owVgIshi
Party songs,Car Wash,Rose Royce,1976,http://open.spotify.com/track/1tJtx09XQnxaynZLOaTNfZ
Party songs,Once You Get Started,Rufus featuring Chaka Khan,1974,http://open.spotify.com/track/5jAhlLUmtIBRTzM3f1Im6r
Party songs,Baby Let’s Dance Together,Sapan Chakraborty,1978,
Party songs,Runaway,Salsoul Orchestra,1977,
Party songs,The Bottle,Gil Scott-Heron,1974,http://open.spotify.com/track/4lgCSMpVERwvfa9A8tDXJQ
Party songs,Happy,Max Sedgley,2003,http://open.spotify.com/track/4hIwQWVYQ3SMSjkVXrMJKv
Party songs,On My Radio,Selector,1979,http://open.spotify.com/track/3Qmtadha85zkLH1H9EGi3u
Party songs,Let the Music Play,Shannon,1983,http://open.spotify.com/track/5RgGHpa9S3txqJTxyRChx4
Party songs,Begin the Beguine,Artie Shaw,1938,http://open.spotify.com/track/7zZoN83WXRCiVCyzdCFihV
Party songs,Dat,Pluto Shervington,1976,
Party songs,Gin House Blues,Nina Simone,1975,http://open.spotify.com/track/0aGprKPHGtQyQZ9RCQ9mNI
Party songs,Lost in Music,Sister Sledge,1979,http://open.spotify.com/track/3FnkIp37lBYvHljKemR6zp
Party songs,He’s the Greatest Dancer,Sister Sledge,1979,http://open.spotify.com/track/5MuNxNox3zTanAFIO5KcTl
Party songs,I Wish,Skee-Lo,1995,
Party songs,Dance to the Music,Sly and the Family Stone,1968,http://open.spotify.com/track/6W9t1lhkATr4XrnXXgL2CV
Party songs,Nite Klub,The Specials,1979,http://open.spotify.com/track/2wpQZvvrg6zUBPPBdWgcLK
Party songs,You Make Me Feel (Mighty Real),Sylvester,1978,http://open.spotify.com/track/0DY0B9PkxKFVs0YagNcAC4
Party songs,(Under Mi) Sleng Teng,Wayne Smith,1985,http://open.spotify.com/track/3l9oTzHXnAJcg4x2jU6DvX
Party songs,How Soon Is Now?,The Smiths,1985,
Party songs,Memorabilia,Soft Cell,1982,http://open.spotify.com/track/6nePlBdKTESydzjOEHt6vX
Party songs,Beat the Clock,Sparks,1979,
Party songs,I’m a Man,The Spencer Davis Group,1967,http://open.spotify.com/track/7vRhkN9rpM0FtDhBdZypn4
Party songs,Young Hearts Run Free,Candi Staton,1976,http://open.spotify.com/track/3MFa9idQuY4iJLWsZl3tIQ
Party songs,Sueño Latino,Sueño Latino,1989,
Party songs,Saturday Nite Special,The Sundown Playboys,1972,
Party songs,Wipe Out,The Surfaris,1962,http://open.spotify.com/track/6uudeEvl6t5WrFgobojt3D
Party songs,Rapper’s Delight,The Sugarhill Gang,1979,http://open.spotify.com/track/1qb27ZTsi0gVxHteAjPOyD
Party songs,Do What You Wanna Do,T-Connection,1977,http://open.spotify.com/track/5PzK3L2Lm4mbo0H89CAWzg
Party songs,Shout,Tears for Fears,1984,http://open.spotify.com/track/4E1n2cvH7Wb7xZ568rHHNy
Party songs,Cloud Nine,The Temptations,1968,http://open.spotify.com/track/5yGqsTtt4oDRY1FdVsVqSL
Party songs,Great DJ,The Ting Tings,2008,http://open.spotify.com/track/3kmSzP8JUM4kUwPWbOFwqA
Party songs,Disco Inferno,The Trammps,1976,http://open.spotify.com/track/5jUA1njy3h6ynHLvPdEVHt
Party songs,A Punk,Vampire Weekend,2008,http://open.spotify.com/track/0euZeG7kpPhtp4V6e8b9kC
Party songs,Me and Baby Brother,War,1973,http://open.spotify.com/track/28q8PaM3ROCZMKeNRBg5Yq
Party songs,Break Dance – Electric Boogie,West Street Mob,1983,
Party songs,My Generation,The Who,1965,http://open.spotify.com/track/4kxrawSkeAoJiASQArwqYO
Party songs,Last Night Changed It All,Esther Williams,1976,http://open.spotify.com/track/6zMgWeJracgip80YQZsIj2
Party songs,(Your Love Keeps Lifting Me) Higher and Higher,Jackie Wilson,1967,
Party songs,Turn Off the Lights,Larry Young,1975,http://open.spotify.com/track/2kXBmTMIDIlNSQEeaQl95A
